Donor_Type,Food_Category,Quantity,Prep_Time,Pickup_Time,Expiry_Time,Temperature,Latitude,Longitude,Delivery_Latitude,Delivery_Longitude,Beneficiary_Type,Outcome,Calories,Protein,Fat
Restaurant,Dairy,43,2025-04-17 14:48:46,2025-04-17 15:26:46,2025-04-18 00:48:46,28.0,28.546806,77.046798,28.517425,77.259853,NGO,0,150,8,9
Household,Vegetarian,40,2025-04-17 10:48:46,2025-04-17 11:21:46,2025-04-17 15:48:46,10.6,28.790973,77.249733,28.563702,77.054547,Individual,1,250,6,10
Hotel,Vegetarian,25,2025-04-17 17:48:46,2025-04-17 18:09:46,2025-04-18 01:48:46,10.2,28.506919,77.157432,28.619958,77.014,Shelter,0,250,6,10
Restaurant,Vegetarian,20,2025-04-17 15:48:46,2025-04-17 16:41:46,2025-04-18 00:48:46,39.5,28.640029,77.257982,28.704092,77.13515,Shelter,0,250,6,10
Household,Vegetarian,22,2025-04-17 14:48:46,2025-04-17 15:22:46,2025-04-17 18:48:46,21.6,28.50479,77.069268,28.572308,77.204979,Shelter,1,250,6,10
Hotel,Bakery,48,2025-04-17 10:48:46,2025-04-17 11:44:46,2025-04-17 15:48:46,37.3,28.577634,77.198757,28.593513,77.15602,Shelter,1,300,4,12
Hotel,Dairy,46,2025-04-17 14:48:46,2025-04-17 15:26:46,2025-04-17 18:48:46,33.3,28.78185,77.268448,28.67937,77.276562,NGO,1,150,8,9
Hotel,Non-Vegetarian,12,2025-04-17 11:48:46,2025-04-17 12:37:46,2025-04-17 18:48:46,21.7,28.581405,77.248621,28.607026,77.08428,Individual,1,400,20,15
Hotel,Vegetarian,49,2025-04-17 09:48:46,2025-04-17 10:26:46,2025-04-17 12:48:46,10.5,28.62702,77.118464,28.588046,77.004224,Individual,1,250,6,10
Restaurant,Vegetarian,21,2025-04-17 10:48:46,2025-04-17 11:32:46,2025-04-17 15:48:46,33.1,28.522213,77.10754,28.534761,77.258931,Shelter,1,250,6,10
Hotel,Vegetarian,12,2025-04-17 16:48:46,2025-04-17 17:30:46,2025-04-18 01:48:46,19.3,28.597555,77.218882,28.691267,77.266164,Individual,1,250,6,10
Hotel,Bakery,5,2025-04-17 15:48:46,2025-04-17 16:34:46,2025-04-17 20:48:46,32.8,28.668383,77.23129,28.648139,77.15682,Individual,1,300,4,12
Restaurant,Bakery,19,2025-04-17 08:48:46,2025-04-17 09:39:46,2025-04-17 13:48:46,10.9,28.690923,77.094307,28.652571,77.27227,NGO,0,300,4,12
Hotel,Vegetarian,27,2025-04-17 11:48:46,2025-04-17 12:42:46,2025-04-17 17:48:46,38.3,28.67966,77.208435,28.76414,77.187306,Individual,1,250,6,10
Hotel,Dairy,10,2025-04-17 14:48:46,2025-04-17 15:27:46,2025-04-17 23:48:46,36.9,28.595401,77.033016,28.568381,77.128132,Individual,1,150,8,9
Hotel,Dairy,17,2025-04-17 09:48:46,2025-04-17 10:00:46,2025-04-17 18:48:46,14.9,28.660227,77.145449,28.707731,77.080824,NGO,1,150,8,9
Household,Dairy,28,2025-04-17 07:48:46,2025-04-17 08:29:46,2025-04-17 17:48:46,31.1,28.609089,77.291535,28.788734,77.075535,Shelter,1,150,8,9
Restaurant,Vegetarian,6,2025-04-17 15:48:46,2025-04-17 16:46:46,2025-04-17 22:48:46,18.5,28.511066,77.182869,28.650804,77.015444,NGO,1,250,6,10
Restaurant,Vegetarian,41,2025-04-17 17:48:46,2025-04-17 17:58:46,2025-04-17 22:48:46,30.4,28.65928,77.134335,28.665868,77.177809,NGO,1,250,6,10
Hotel,Dairy,15,2025-04-17 10:48:46,2025-04-17 11:14:46,2025-04-17 18:48:46,21.0,28.689692,77.190059,28.660732,77.027087,Shelter,1,150,8,9
Hotel,Bakery,37,2025-04-17 09:48:46,2025-04-17 10:03:46,2025-04-17 14:48:46,27.7,28.703269,77.004976,28.653628,77.067949,Shelter,1,300,4,12
Hotel,Dairy,36,2025-04-17 11:48:46,2025-04-17 12:38:46,2025-04-17 14:48:46,21.9,28.655325,77.251313,28.702707,77.220565,NGO,0,150,8,9
Household,Non-Vegetarian,27,2025-04-17 08:48:46,2025-04-17 09:32:46,2025-04-17 17:48:46,29.8,28.745167,77.16656,28.658895,77.072556,NGO,1,400,20,15
Household,Bakery,16,2025-04-17 13:48:46,2025-04-17 14:34:46,2025-04-17 22:48:46,20.2,28.604763,77.217787,28.769133,77.266126,Shelter,1,300,4,12
Hotel,Bakery,37,2025-04-17 10:48:46,2025-04-17 11:08:46,2025-04-17 13:48:46,14.8,28.769566,77.181929,28.502759,77.030441,Individual,0,300,4,12
Restaurant,Bakery,39,2025-04-17 09:48:46,2025-04-17 10:26:46,2025-04-17 13:48:46,14.8,28.66462,77.207569,28.695588,77.067281,Individual,1,300,4,12
Hotel,Bakery,37,2025-04-17 14:48:46,2025-04-17 15:30:46,2025-04-17 21:48:46,15.4,28.609941,77.223251,28.716282,77.092418,NGO,1,300,4,12
Hotel,Vegetarian,16,2025-04-17 07:48:46,2025-04-17 08:19:46,2025-04-17 16:48:46,17.5,28.676961,77.293668,28.646023,77.27183,Shelter,1,250,6,10
Hotel,Non-Vegetarian,31,2025-04-17 16:48:46,2025-04-17 17:18:46,2025-04-17 19:48:46,27.3,28.647755,77.058573,28.716736,77.084232,NGO,1,400,20,15
Restaurant,Bakery,39,2025-04-17 17:48:46,2025-04-17 18:14:46,2025-04-18 00:48:46,36.5,28.724316,77.285922,28.599225,77.165829,Shelter,1,300,4,12
Household,Vegetarian,35,2025-04-17 15:48:46,2025-04-17 16:30:46,2025-04-17 21:48:46,18.8,28.615529,77.255341,28.595077,77.050848,NGO,0,250,6,10
Restaurant,Dairy,29,2025-04-17 08:48:46,2025-04-17 09:28:46,2025-04-17 16:48:46,30.9,28.671018,77.029153,28.684502,77.297016,NGO,1,150,8,9
Restaurant,Non-Vegetarian,6,2025-04-17 07:48:46,2025-04-17 08:39:46,2025-04-17 11:48:46,19.7,28.754601,77.040986,28.712673,77.165846,Individual,1,400,20,15
Restaurant,Bakery,46,2025-04-17 11:48:46,2025-04-17 12:23:46,2025-04-17 16:48:46,17.7,28.683454,77.024478,28.501555,77.188368,Shelter,1,300,4,12
Household,Non-Vegetarian,24,2025-04-17 17:48:46,2025-04-17 18:05:46,2025-04-17 22:48:46,20.1,28.612675,77.028195,28.673484,77.010783,Shelter,1,400,20,15
Hotel,Non-Vegetarian,29,2025-04-17 08:48:46,2025-04-17 09:19:46,2025-04-17 16:48:46,17.5,28.51165,77.09098,28.661125,77.097995,Shelter,0,400,20,15
Household,Bakery,12,2025-04-17 13:48:46,2025-04-17 14:41:46,2025-04-17 20:48:46,23.7,28.752607,77.058314,28.623406,77.209854,Shelter,1,300,4,12
Household,Dairy,44,2025-04-17 14:48:46,2025-04-17 15:13:46,2025-04-17 18:48:46,25.5,28.596887,77.238556,28.58125,77.131691,Individual,1,150,8,9
Hotel,Vegetarian,30,2025-04-17 13:48:46,2025-04-17 14:23:46,2025-04-17 20:48:46,12.4,28.628494,77.20655,28.517458,77.274564,Shelter,0,250,6,10
Hotel,Non-Vegetarian,38,2025-04-17 12:48:46,2025-04-17 13:45:46,2025-04-17 23:48:46,29.8,28.58398,77.28646,28.721369,77.166306,Individual,1,400,20,15
Restaurant,Dairy,26,2025-04-17 11:48:46,2025-04-17 12:00:46,2025-04-17 16:48:46,32.7,28.504318,77.034822,28.513801,77.012219,NGO,0,150,8,9
Hotel,Vegetarian,9,2025-04-17 08:48:46,2025-04-17 09:23:46,2025-04-17 15:48:46,24.2,28.551961,77.130155,28.619551,77.184755,NGO,1,250,6,10
Hotel,Non-Vegetarian,9,2025-04-17 14:48:46,2025-04-17 15:31:46,2025-04-17 20:48:46,21.2,28.687758,77.150941,28.756947,77.197608,Individual,0,400,20,15
Restaurant,Dairy,8,2025-04-17 10:48:46,2025-04-17 11:13:46,2025-04-17 19:48:46,38.3,28.76016,77.190921,28.740285,77.203151,Shelter,1,150,8,9
Household,Dairy,39,2025-04-17 17:48:46,2025-04-17 18:30:46,2025-04-17 22:48:46,34.6,28.687782,77.246128,28.695445,77.062005,NGO,1,150,8,9
Household,Vegetarian,33,2025-04-17 16:48:46,2025-04-17 17:47:46,2025-04-17 21:48:46,20.1,28.696717,77.115619,28.704484,77.102187,Individual,1,250,6,10
Restaurant,Non-Vegetarian,45,2025-04-17 11:48:46,2025-04-17 12:01:46,2025-04-17 18:48:46,20.5,28.780994,77.011756,28.625384,77.290274,Shelter,1,400,20,15
Hotel,Non-Vegetarian,40,2025-04-17 08:48:46,2025-04-17 09:34:46,2025-04-17 19:48:46,27.1,28.672777,77.219494,28.538307,77.075005,Shelter,1,400,20,15
Hotel,Bakery,36,2025-04-17 10:48:46,2025-04-17 11:20:46,2025-04-17 17:48:46,17.2,28.703953,77.221973,28.571471,77.113319,Individual,1,300,4,12
Household,Dairy,24,2025-04-17 09:48:46,2025-04-17 10:19:46,2025-04-17 14:48:46,21.7,28.503251,77.271615,28.527386,77.095794,NGO,1,150,8,9
Household,Dairy,18,2025-04-17 14:48:46,2025-04-17 15:16:46,2025-04-17 21:48:46,12.8,28.680732,77.166111,28.563818,77.283858,Individual,1,150,8,9
Restaurant,Non-Vegetarian,20,2025-04-17 09:48:46,2025-04-17 10:36:46,2025-04-17 16:48:46,24.8,28.517268,77.164859,28.632459,77.266311,NGO,1,400,20,15
Household,Bakery,47,2025-04-17 07:48:46,2025-04-17 08:15:46,2025-04-17 18:48:46,32.8,28.685465,77.030337,28.525232,77.210291,Individual,0,300,4,12
Hotel,Vegetarian,46,2025-04-17 09:48:46,2025-04-17 10:47:46,2025-04-17 13:48:46,12.4,28.525451,77.295992,28.612281,77.111193,Individual,1,250,6,10
Household,Vegetarian,21,2025-04-17 11:48:46,2025-04-17 12:22:46,2025-04-17 17:48:46,20.5,28.712454,77.1445,28.613396,77.211525,NGO,1,250,6,10
Hotel,Dairy,14,2025-04-17 08:48:46,2025-04-17 09:16:46,2025-04-17 17:48:46,23.0,28.576105,77.121561,28.671442,77.222292,Individual,1,150,8,9
Household,Bakery,12,2025-04-17 09:48:46,2025-04-17 10:36:46,2025-04-17 12:48:46,30.4,28.571252,77.120067,28.643314,77.024867,NGO,1,300,4,12
Hotel,Bakery,37,2025-04-17 12:48:46,2025-04-17 13:03:46,2025-04-17 19:48:46,11.3,28.777393,77.275735,28.575897,77.208623,NGO,1,300,4,12
Restaurant,Non-Vegetarian,22,2025-04-17 09:48:46,2025-04-17 10:46:46,2025-04-17 12:48:46,28.8,28.675294,77.270347,28.513634,77.084289,NGO,1,400,20,15
Restaurant,Bakery,36,2025-04-17 10:48:46,2025-04-17 11:35:46,2025-04-17 20:48:46,28.6,28.583214,77.056436,28.63911,77.106006,Shelter,1,300,4,12
Household,Dairy,32,2025-04-17 13:48:46,2025-04-17 14:38:46,2025-04-17 19:48:46,39.6,28.709449,77.160829,28.592858,77.244139,Individual,0,150,8,9
Hotel,Vegetarian,32,2025-04-17 15:48:46,2025-04-17 16:03:46,2025-04-17 19:48:46,22.5,28.674349,77.275753,28.524825,77.262998,Individual,1,250,6,10
Hotel,Vegetarian,49,2025-04-17 13:48:46,2025-04-17 14:30:46,2025-04-17 21:48:46,34.3,28.796183,77.045125,28.678239,77.114267,Individual,0,250,6,10
Household,Vegetarian,26,2025-04-17 07:48:46,2025-04-17 08:24:46,2025-04-17 10:48:46,35.1,28.640608,77.124446,28.582022,77.016913,Individual,1,250,6,10
Hotel,Vegetarian,10,2025-04-17 17:48:46,2025-04-17 18:02:46,2025-04-18 00:48:46,39.9,28.66663,77.230696,28.78343,77.254894,Individual,0,250,6,10
Household,Non-Vegetarian,21,2025-04-17 13:48:46,2025-04-17 14:11:46,2025-04-18 00:48:46,13.9,28.786215,77.181852,28.568593,77.20151,NGO,0,400,20,15
Hotel,Bakery,36,2025-04-17 16:48:46,2025-04-17 17:25:46,2025-04-18 02:48:46,10.7,28.64945,77.142863,28.749411,77.092333,Individual,1,300,4,12
Hotel,Bakery,5,2025-04-17 12:48:46,2025-04-17 13:41:46,2025-04-17 19:48:46,12.7,28.737545,77.176987,28.644014,77.126161,NGO,1,300,4,12
Hotel,Non-Vegetarian,41,2025-04-17 13:48:46,2025-04-17 14:11:46,2025-04-17 17:48:46,34.2,28.770945,77.185179,28.794139,77.182426,Shelter,1,400,20,15
Hotel,Bakery,22,2025-04-17 07:48:46,2025-04-17 08:31:46,2025-04-17 13:48:46,26.4,28.635273,77.273141,28.589388,77.157081,Individual,0,300,4,12
Hotel,Vegetarian,21,2025-04-17 13:48:46,2025-04-17 14:26:46,2025-04-17 19:48:46,23.8,28.752627,77.230675,28.519871,77.013758,NGO,1,250,6,10
Restaurant,Bakery,10,2025-04-17 13:48:46,2025-04-17 13:59:46,2025-04-17 18:48:46,26.1,28.638036,77.17543,28.62009,77.2093,Shelter,1,300,4,12
Hotel,Bakery,8,2025-04-17 10:48:46,2025-04-17 11:01:46,2025-04-17 20:48:46,22.3,28.762295,77.154571,28.791933,77.180581,Shelter,1,300,4,12
Restaurant,Dairy,23,2025-04-17 13:48:46,2025-04-17 14:02:46,2025-04-17 17:48:46,18.4,28.553103,77.026611,28.536191,77.138234,NGO,1,150,8,9
Restaurant,Vegetarian,30,2025-04-17 16:48:46,2025-04-17 17:46:46,2025-04-18 03:48:46,12.8,28.644344,77.206335,28.653497,77.047093,Shelter,0,250,6,10
Restaurant,Vegetarian,21,2025-04-17 08:48:46,2025-04-17 09:33:46,2025-04-17 11:48:46,12.5,28.679183,77.295877,28.660977,77.277213,Shelter,1,250,6,10
Household,Non-Vegetarian,18,2025-04-17 08:48:46,2025-04-17 09:25:46,2025-04-17 17:48:46,25.9,28.716155,77.018702,28.544322,77.039935,Individual,1,400,20,15
Household,Vegetarian,7,2025-04-17 11:48:46,2025-04-17 12:43:46,2025-04-17 15:48:46,23.4,28.659785,77.072741,28.580773,77.113185,NGO,1,250,6,10
Restaurant,Vegetarian,14,2025-04-17 11:48:46,2025-04-17 12:14:46,2025-04-17 20:48:46,12.7,28.660601,77.069965,28.602878,77.142191,NGO,1,250,6,10
Household,Dairy,14,2025-04-17 15:48:46,2025-04-17 16:38:46,2025-04-17 19:48:46,12.6,28.661132,77.176052,28.723632,77.129498,NGO,1,150,8,9
Restaurant,Bakery,23,2025-04-17 08:48:46,2025-04-17 09:38:46,2025-04-17 15:48:46,20.9,28.693775,77.171233,28.606829,77.295955,NGO,1,300,4,12
Household,Dairy,41,2025-04-17 09:48:46,2025-04-17 10:30:46,2025-04-17 16:48:46,13.1,28.545858,77.073787,28.548204,77.05597,NGO,1,150,8,9
Household,Bakery,34,2025-04-17 10:48:46,2025-04-17 11:06:46,2025-04-17 19:48:46,11.5,28.505473,77.209088,28.799177,77.268983,Individual,1,300,4,12
Restaurant,Bakery,24,2025-04-17 07:48:46,2025-04-17 08:01:46,2025-04-17 15:48:46,39.3,28.647225,77.216869,28.746258,77.215537,NGO,1,300,4,12
Household,Bakery,15,2025-04-17 10:48:46,2025-04-17 11:23:46,2025-04-17 15:48:46,35.2,28.561523,77.290398,28.713286,77.059852,Individual,1,300,4,12
Household,Dairy,24,2025-04-17 17:48:46,2025-04-17 18:09:46,2025-04-17 20:48:46,28.3,28.586589,77.174371,28.546309,77.144342,NGO,1,150,8,9
Hotel,Vegetarian,47,2025-04-17 15:48:46,2025-04-17 16:30:46,2025-04-17 23:48:46,20.1,28.540324,77.019012,28.796988,77.096706,Shelter,1,250,6,10
Household,Vegetarian,6,2025-04-17 14:48:46,2025-04-17 14:58:46,2025-04-17 21:48:46,10.1,28.535009,77.14195,28.681831,77.238287,Shelter,1,250,6,10
Hotel,Vegetarian,35,2025-04-17 17:48:46,2025-04-17 18:02:46,2025-04-17 21:48:46,13.7,28.71926,77.281502,28.55437,77.019949,NGO,1,250,6,10
Hotel,Bakery,44,2025-04-17 12:48:46,2025-04-17 13:26:46,2025-04-17 22:48:46,34.8,28.725151,77.239861,28.74754,77.055921,NGO,1,300,4,12
Restaurant,Dairy,23,2025-04-17 07:48:46,2025-04-17 08:11:46,2025-04-17 13:48:46,19.5,28.676492,77.204895,28.635585,77.214135,Individual,1,150,8,9
Restaurant,Vegetarian,36,2025-04-17 15:48:46,2025-04-17 16:35:46,2025-04-17 18:48:46,32.4,28.650816,77.069664,28.769872,77.115167,Shelter,0,250,6,10
Household,Bakery,18,2025-04-17 13:48:46,2025-04-17 14:37:46,2025-04-17 23:48:46,28.7,28.535069,77.28195,28.688312,77.100472,Shelter,1,300,4,12
Household,Bakery,19,2025-04-17 17:48:46,2025-04-17 18:27:46,2025-04-18 02:48:46,27.2,28.799308,77.225721,28.712094,77.233572,Individual,1,300,4,12
Household,Bakery,37,2025-04-17 14:48:46,2025-04-17 15:19:46,2025-04-17 18:48:46,32.9,28.76303,77.102625,28.746377,77.03319,Shelter,1,300,4,12
Hotel,Vegetarian,40,2025-04-17 10:48:46,2025-04-17 11:12:46,2025-04-17 20:48:46,14.5,28.568775,77.216676,28.716011,77.192344,NGO,1,250,6,10
Hotel,Dairy,40,2025-04-17 14:48:46,2025-04-17 15:23:46,2025-04-17 21:48:46,34.8,28.787722,77.102757,28.568205,77.127079,Individual,1,150,8,9
Hotel,Dairy,30,2025-04-17 07:48:46,2025-04-17 08:09:46,2025-04-17 17:48:46,25.2,28.683436,77.005433,28.761637,77.279635,NGO,1,150,8,9
Hotel,Dairy,40,2025-04-17 14:48:46,2025-04-17 15:02:46,2025-04-18 00:48:46,10.7,28.69541,77.231374,28.612331,77.020676,Shelter,1,150,8,9
Restaurant,Vegetarian,33,2025-04-17 10:48:46,2025-04-17 11:38:46,2025-04-17 18:48:46,37.3,28.536843,77.070772,28.549656,77.055896,Shelter,1,250,6,10
Restaurant,Vegetarian,27,2025-04-17 09:48:46,2025-04-17 09:58:46,2025-04-17 17:48:46,25.6,28.677383,77.119701,28.516428,77.100559,NGO,1,250,6,10
Household,Non-Vegetarian,30,2025-04-17 09:48:46,2025-04-17 10:32:46,2025-04-17 15:48:46,26.1,28.775957,77.103904,28.604086,77.22125,Individual,1,400,20,15
Restaurant,Vegetarian,21,2025-04-17 07:48:46,2025-04-17 08:41:46,2025-04-17 12:48:46,17.4,28.67329,77.049654,28.510164,77.093442,NGO,1,250,6,10
Hotel,Dairy,33,2025-04-17 07:48:46,2025-04-17 08:19:46,2025-04-17 11:48:46,29.9,28.553411,77.288321,28.544599,77.124387,NGO,1,150,8,9
Hotel,Vegetarian,32,2025-04-17 10:48:46,2025-04-17 11:46:46,2025-04-17 19:48:46,27.9,28.520123,77.224988,28.562972,77.269416,Individual,1,250,6,10
Restaurant,Non-Vegetarian,36,2025-04-17 17:48:46,2025-04-17 18:42:46,2025-04-18 03:48:46,27.6,28.588213,77.214218,28.658294,77.160337,Shelter,1,400,20,15
Hotel,Dairy,34,2025-04-17 12:48:46,2025-04-17 13:01:46,2025-04-17 15:48:46,20.0,28.522651,77.225974,28.581691,77.269229,Individual,1,150,8,9
Household,Non-Vegetarian,38,2025-04-17 17:48:46,2025-04-17 18:20:46,2025-04-18 02:48:46,14.7,28.714792,77.197677,28.508129,77.066592,NGO,1,400,20,15
Household,Vegetarian,28,2025-04-17 11:48:46,2025-04-17 12:05:46,2025-04-17 19:48:46,20.2,28.670833,77.266238,28.667016,77.216244,Shelter,1,250,6,10
Hotel,Bakery,39,2025-04-17 10:48:46,2025-04-17 11:11:46,2025-04-17 20:48:46,34.2,28.788795,77.283323,28.542325,77.121918,Shelter,1,300,4,12
Household,Non-Vegetarian,22,2025-04-17 11:48:46,2025-04-17 12:07:46,2025-04-17 20:48:46,32.1,28.754438,77.036833,28.762933,77.192878,Individual,1,400,20,15
Restaurant,Dairy,22,2025-04-17 16:48:46,2025-04-17 16:58:46,2025-04-17 23:48:46,20.3,28.577827,77.113908,28.677088,77.080419,Individual,1,150,8,9
Hotel,Dairy,9,2025-04-17 13:48:46,2025-04-17 14:35:46,2025-04-18 00:48:46,23.1,28.58834,77.284536,28.729082,77.042034,NGO,1,150,8,9
Hotel,Vegetarian,14,2025-04-17 10:48:46,2025-04-17 11:43:46,2025-04-17 19:48:46,34.0,28.627564,77.006741,28.580603,77.16249,NGO,1,250,6,10
Household,Non-Vegetarian,49,2025-04-17 09:48:46,2025-04-17 10:36:46,2025-04-17 20:48:46,14.2,28.750479,77.295321,28.657707,77.051504,Shelter,1,400,20,15
Hotel,Vegetarian,27,2025-04-17 13:48:46,2025-04-17 14:08:46,2025-04-17 21:48:46,37.4,28.535325,77.172955,28.582217,77.166253,Individual,0,250,6,10
Restaurant,Vegetarian,29,2025-04-17 12:48:46,2025-04-17 13:09:46,2025-04-17 21:48:46,13.2,28.542006,77.079105,28.57995,77.219655,NGO,1,250,6,10
Hotel,Bakery,38,2025-04-17 09:48:46,2025-04-17 10:04:46,2025-04-17 12:48:46,22.6,28.614942,77.155675,28.51409,77.049885,Shelter,0,300,4,12
Household,Bakery,47,2025-04-17 17:48:46,2025-04-17 18:33:46,2025-04-17 22:48:46,17.4,28.616789,77.086608,28.606702,77.215714,NGO,1,300,4,12
Hotel,Non-Vegetarian,43,2025-04-17 10:48:46,2025-04-17 11:32:46,2025-04-17 18:48:46,24.3,28.699101,77.281049,28.719772,77.064482,NGO,1,400,20,15
Hotel,Non-Vegetarian,40,2025-04-17 14:48:46,2025-04-17 15:16:46,2025-04-17 19:48:46,35.2,28.753922,77.286571,28.546402,77.187,Individual,1,400,20,15
Restaurant,Non-Vegetarian,6,2025-04-17 13:48:46,2025-04-17 14:06:46,2025-04-18 00:48:46,20.5,28.623838,77.211478,28.679486,77.137904,NGO,1,400,20,15
Hotel,Dairy,39,2025-04-17 15:48:46,2025-04-17 16:47:46,2025-04-17 22:48:46,10.1,28.79031,77.001576,28.530928,77.094379,Individual,1,150,8,9
Restaurant,Vegetarian,21,2025-04-17 08:48:46,2025-04-17 09:46:46,2025-04-17 18:48:46,32.8,28.691685,77.227711,28.717231,77.191169,NGO,1,250,6,10
Restaurant,Dairy,12,2025-04-17 09:48:46,2025-04-17 10:15:46,2025-04-17 20:48:46,29.4,28.707953,77.015479,28.700975,77.01325,Shelter,1,150,8,9
Hotel,Bakery,20,2025-04-17 11:48:46,2025-04-17 12:14:46,2025-04-17 20:48:46,26.7,28.641963,77.093856,28.536157,77.219307,NGO,1,300,4,12
Restaurant,Dairy,12,2025-04-17 16:48:46,2025-04-17 17:20:46,2025-04-17 20:48:46,32.4,28.516465,77.136543,28.65673,77.193364,Individual,1,150,8,9
Household,Bakery,18,2025-04-17 10:48:46,2025-04-17 11:32:46,2025-04-17 14:48:46,36.5,28.65908,77.13231,28.621346,77.171728,Shelter,1,300,4,12
Household,Dairy,8,2025-04-17 12:48:46,2025-04-17 13:22:46,2025-04-17 16:48:46,25.6,28.628045,77.263,28.625252,77.138583,NGO,1,150,8,9
Household,Non-Vegetarian,38,2025-04-17 07:48:46,2025-04-17 08:10:46,2025-04-17 11:48:46,38.2,28.739635,77.29938,28.605214,77.230156,Individual,1,400,20,15
Hotel,Bakery,33,2025-04-17 13:48:46,2025-04-17 14:41:46,2025-04-18 00:48:46,27.4,28.581506,77.119486,28.52751,77.100911,Individual,1,300,4,12
Household,Vegetarian,24,2025-04-17 13:48:46,2025-04-17 13:58:46,2025-04-17 16:48:46,13.3,28.606387,77.086172,28.588892,77.070082,Shelter,1,250,6,10
Restaurant,Bakery,29,2025-04-17 17:48:46,2025-04-17 18:43:46,2025-04-18 04:48:46,13.3,28.617489,77.037331,28.786925,77.239397,NGO,1,300,4,12
Hotel,Vegetarian,41,2025-04-17 07:48:46,2025-04-17 08:03:46,2025-04-17 16:48:46,36.4,28.78342,77.14022,28.684023,77.05011,Shelter,1,250,6,10
Household,Dairy,8,2025-04-17 07:48:46,2025-04-17 08:05:46,2025-04-17 13:48:46,35.1,28.569171,77.249193,28.536102,77.014084,Shelter,1,150,8,9
Restaurant,Dairy,30,2025-04-17 09:48:46,2025-04-17 10:46:46,2025-04-17 14:48:46,34.8,28.740231,77.188933,28.564897,77.155478,Individual,1,150,8,9
Household,Non-Vegetarian,24,2025-04-17 08:48:46,2025-04-17 09:46:46,2025-04-17 13:48:46,32.7,28.708806,77.046169,28.74475,77.067332,Individual,0,400,20,15
Household,Dairy,29,2025-04-17 09:48:46,2025-04-17 10:01:46,2025-04-17 16:48:46,12.7,28.763238,77.07968,28.538854,77.266624,Shelter,1,150,8,9
Restaurant,Dairy,29,2025-04-17 16:48:46,2025-04-17 17:09:46,2025-04-18 03:48:46,19.9,28.779477,77.220564,28.584417,77.075795,NGO,1,150,8,9
Household,Non-Vegetarian,42,2025-04-17 10:48:46,2025-04-17 11:02:46,2025-04-17 14:48:46,12.4,28.566055,77.204978,28.522839,77.255362,Individual,0,400,20,15
Household,Dairy,44,2025-04-17 15:48:46,2025-04-17 16:00:46,2025-04-18 01:48:46,29.9,28.663134,77.259348,28.720173,77.156378,Individual,0,150,8,9
Household,Bakery,20,2025-04-17 10:48:46,2025-04-17 11:25:46,2025-04-17 13:48:46,14.7,28.54812,77.100203,28.571607,77.279027,NGO,1,300,4,12
Household,Dairy,40,2025-04-17 07:48:46,2025-04-17 08:35:46,2025-04-17 16:48:46,36.4,28.788395,77.139641,28.763721,77.001544,NGO,1,150,8,9
Restaurant,Vegetarian,36,2025-04-17 07:48:46,2025-04-17 08:27:46,2025-04-17 16:48:46,14.8,28.74539,77.24964,28.65224,77.001916,NGO,0,250,6,10
Hotel,Dairy,36,2025-04-17 07:48:46,2025-04-17 08:46:46,2025-04-17 18:48:46,29.0,28.577941,77.190202,28.661996,77.233954,NGO,1,150,8,9
Household,Non-Vegetarian,10,2025-04-17 15:48:46,2025-04-17 16:27:46,2025-04-18 00:48:46,26.2,28.788898,77.102562,28.689787,77.279608,NGO,1,400,20,15
Household,Bakery,33,2025-04-17 12:48:46,2025-04-17 13:01:46,2025-04-17 18:48:46,30.6,28.520351,77.090289,28.712452,77.020205,Shelter,1,300,4,12
Restaurant,Dairy,14,2025-04-17 12:48:46,2025-04-17 12:58:46,2025-04-17 20:48:46,28.6,28.513723,77.261461,28.792047,77.290663,NGO,1,150,8,9
Household,Dairy,40,2025-04-17 07:48:46,2025-04-17 08:32:46,2025-04-17 13:48:46,32.7,28.507376,77.006637,28.597083,77.146593,Individual,1,150,8,9
Restaurant,Non-Vegetarian,15,2025-04-17 08:48:46,2025-04-17 09:20:46,2025-04-17 12:48:46,18.2,28.799137,77.127854,28.635416,77.049087,NGO,1,400,20,15
Household,Dairy,33,2025-04-17 07:48:46,2025-04-17 08:29:46,2025-04-17 11:48:46,33.2,28.569016,77.039401,28.760416,77.288971,Shelter,1,150,8,9
Household,Bakery,32,2025-04-17 13:48:46,2025-04-17 14:44:46,2025-04-17 20:48:46,29.2,28.619278,77.082265,28.795193,77.1228,Shelter,1,300,4,12
Hotel,Bakery,42,2025-04-17 16:48:46,2025-04-17 17:32:46,2025-04-17 19:48:46,29.6,28.610558,77.259307,28.641963,77.290458,NGO,1,300,4,12
Restaurant,Vegetarian,29,2025-04-17 17:48:46,2025-04-17 18:26:46,2025-04-18 00:48:46,14.6,28.636108,77.159106,28.505359,77.239039,NGO,1,250,6,10
Restaurant,Non-Vegetarian,48,2025-04-17 13:48:46,2025-04-17 14:21:46,2025-04-17 18:48:46,15.6,28.638629,77.00037,28.679498,77.182192,NGO,1,400,20,15
Restaurant,Non-Vegetarian,24,2025-04-17 14:48:46,2025-04-17 15:06:46,2025-04-17 22:48:46,16.8,28.548248,77.195456,28.597778,77.177079,Individual,1,400,20,15
Restaurant,Vegetarian,12,2025-04-17 07:48:46,2025-04-17 08:10:46,2025-04-17 10:48:46,10.3,28.521734,77.117748,28.643982,77.180006,NGO,1,250,6,10
Household,Bakery,36,2025-04-17 07:48:46,2025-04-17 08:42:46,2025-04-17 18:48:46,35.8,28.733955,77.011886,28.644152,77.031479,Shelter,1,300,4,12
Household,Dairy,21,2025-04-17 09:48:46,2025-04-17 10:43:46,2025-04-17 17:48:46,28.5,28.710739,77.167895,28.502931,77.097938,Shelter,0,150,8,9
Hotel,Vegetarian,6,2025-04-17 17:48:46,2025-04-17 18:30:46,2025-04-18 04:48:46,20.5,28.509961,77.023574,28.619077,77.039815,Individual,1,250,6,10
Restaurant,Bakery,43,2025-04-17 08:48:46,2025-04-17 09:43:46,2025-04-17 12:48:46,34.6,28.512355,77.201116,28.785465,77.037266,Shelter,1,300,4,12
Restaurant,Bakery,10,2025-04-17 09:48:46,2025-04-17 10:03:46,2025-04-17 20:48:46,11.6,28.662389,77.212718,28.761291,77.214226,NGO,1,300,4,12
Restaurant,Bakery,24,2025-04-17 07:48:46,2025-04-17 08:04:46,2025-04-17 13:48:46,26.6,28.679243,77.23515,28.644271,77.012226,NGO,1,300,4,12
Hotel,Bakery,46,2025-04-17 07:48:46,2025-04-17 08:15:46,2025-04-17 15:48:46,27.8,28.695088,77.143784,28.684723,77.098705,NGO,1,300,4,12
Restaurant,Non-Vegetarian,40,2025-04-17 10:48:46,2025-04-17 11:26:46,2025-04-17 19:48:46,23.0,28.513098,77.048502,28.506258,77.195979,Individual,0,400,20,15
Hotel,Dairy,41,2025-04-17 10:48:46,2025-04-17 11:38:46,2025-04-17 15:48:46,12.4,28.620978,77.066168,28.62552,77.061073,Individual,1,150,8,9
Hotel,Dairy,11,2025-04-17 17:48:46,2025-04-17 18:27:46,2025-04-18 00:48:46,31.8,28.722812,77.127648,28.60378,77.111312,Shelter,1,150,8,9
Hotel,Dairy,24,2025-04-17 10:48:46,2025-04-17 11:47:46,2025-04-17 13:48:46,25.4,28.676418,77.008818,28.618655,77.181857,Individual,1,150,8,9
Restaurant,Vegetarian,19,2025-04-17 16:48:46,2025-04-17 17:33:46,2025-04-18 00:48:46,29.7,28.79764,77.085156,28.607745,77.115154,NGO,1,250,6,10
Household,Bakery,22,2025-04-17 10:48:46,2025-04-17 11:18:46,2025-04-17 13:48:46,13.9,28.714747,77.27271,28.553905,77.071263,NGO,1,300,4,12
Restaurant,Vegetarian,18,2025-04-17 16:48:46,2025-04-17 17:34:46,2025-04-17 23:48:46,12.1,28.63115,77.029218,28.621506,77.177876,Shelter,1,250,6,10
Hotel,Non-Vegetarian,43,2025-04-17 09:48:46,2025-04-17 10:17:46,2025-04-17 13:48:46,12.9,28.695637,77.093644,28.619714,77.257396,Shelter,1,400,20,15
Restaurant,Dairy,9,2025-04-17 17:48:46,2025-04-17 18:37:46,2025-04-18 03:48:46,21.9,28.571108,77.070402,28.765113,77.132607,Shelter,1,150,8,9
Household,Dairy,20,2025-04-17 08:48:46,2025-04-17 09:26:46,2025-04-17 19:48:46,22.9,28.574614,77.185143,28.712033,77.050113,Individual,1,150,8,9
Household,Bakery,24,2025-04-17 09:48:46,2025-04-17 10:40:46,2025-04-17 16:48:46,20.7,28.660054,77.234537,28.711616,77.133911,Shelter,0,300,4,12
Household,Vegetarian,19,2025-04-17 12:48:46,2025-04-17 13:41:46,2025-04-17 18:48:46,18.1,28.517126,77.159351,28.780982,77.011803,NGO,1,250,6,10
Hotel,Bakery,39,2025-04-17 12:48:46,2025-04-17 13:34:46,2025-04-17 19:48:46,12.7,28.530993,77.175401,28.706462,77.119214,Individual,0,300,4,12
Household,Dairy,28,2025-04-17 07:48:46,2025-04-17 08:40:46,2025-04-17 11:48:46,19.7,28.791929,77.174034,28.576267,77.156519,Shelter,0,150,8,9
Household,Vegetarian,27,2025-04-17 12:48:46,2025-04-17 13:17:46,2025-04-17 21:48:46,10.9,28.592379,77.211404,28.560556,77.20203,Shelter,1,250,6,10
Restaurant,Vegetarian,25,2025-04-17 17:48:46,2025-04-17 18:05:46,2025-04-18 01:48:46,36.0,28.553145,77.207788,28.751435,77.283384,NGO,1,250,6,10
Household,Non-Vegetarian,14,2025-04-17 16:48:46,2025-04-17 17:15:46,2025-04-17 19:48:46,34.9,28.759383,77.230556,28.533933,77.238653,Individual,1,400,20,15
Restaurant,Non-Vegetarian,8,2025-04-17 17:48:46,2025-04-17 17:58:46,2025-04-17 22:48:46,38.2,28.748052,77.200091,28.673156,77.104572,Individual,1,400,20,15
Household,Bakery,6,2025-04-17 16:48:46,2025-04-17 17:03:46,2025-04-18 03:48:46,36.0,28.798001,77.225728,28.527145,77.086606,Shelter,1,300,4,12
Restaurant,Dairy,15,2025-04-17 14:48:46,2025-04-17 15:31:46,2025-04-17 22:48:46,19.8,28.700278,77.242354,28.728686,77.239344,Shelter,1,150,8,9
Household,Non-Vegetarian,23,2025-04-17 07:48:46,2025-04-17 07:58:46,2025-04-17 17:48:46,18.9,28.694722,77.098514,28.689063,77.18295,Shelter,1,400,20,15
Restaurant,Non-Vegetarian,19,2025-04-17 13:48:46,2025-04-17 14:16:46,2025-04-18 00:48:46,27.9,28.663706,77.133326,28.5044,77.176119,NGO,1,400,20,15
Restaurant,Dairy,12,2025-04-17 08:48:46,2025-04-17 08:59:46,2025-04-17 19:48:46,21.4,28.759,77.155725,28.643755,77.007693,Shelter,1,150,8,9
Restaurant,Non-Vegetarian,30,2025-04-17 09:48:46,2025-04-17 10:09:46,2025-04-17 16:48:46,22.0,28.674052,77.160081,28.682372,77.229465,NGO,1,400,20,15
Household,Vegetarian,10,2025-04-17 16:48:46,2025-04-17 17:41:46,2025-04-17 23:48:46,15.9,28.502269,77.194242,28.769409,77.073045,Individual,1,250,6,10
Restaurant,Dairy,15,2025-04-17 15:48:46,2025-04-17 16:12:46,2025-04-17 21:48:46,38.0,28.605487,77.030426,28.645762,77.077033,NGO,1,150,8,9
Household,Non-Vegetarian,31,2025-04-17 15:48:46,2025-04-17 16:05:46,2025-04-17 21:48:46,31.5,28.619972,77.293018,28.746952,77.156744,NGO,0,400,20,15
Household,Non-Vegetarian,11,2025-04-17 08:48:46,2025-04-17 09:36:46,2025-04-17 17:48:46,18.9,28.738022,77.055569,28.775326,77.127358,Individual,1,400,20,15
Hotel,Bakery,11,2025-04-17 12:48:46,2025-04-17 12:58:46,2025-04-17 22:48:46,25.8,28.533691,77.000775,28.691396,77.154553,Individual,1,300,4,12
Hotel,Dairy,32,2025-04-17 09:48:46,2025-04-17 10:23:46,2025-04-17 20:48:46,29.4,28.552432,77.108232,28.771767,77.230983,NGO,1,150,8,9
Hotel,Vegetarian,30,2025-04-17 07:48:46,2025-04-17 08:34:46,2025-04-17 13:48:46,18.2,28.746784,77.127121,28.700265,77.028661,Shelter,1,250,6,10
Household,Bakery,40,2025-04-17 08:48:46,2025-04-17 09:30:46,2025-04-17 17:48:46,27.6,28.550404,77.221062,28.758839,77.065022,NGO,1,300,4,12
Hotel,Dairy,21,2025-04-17 12:48:46,2025-04-17 13:45:46,2025-04-17 19:48:46,29.3,28.682128,77.164009,28.569584,77.117272,Shelter,1,150,8,9
Hotel,Bakery,29,2025-04-17 16:48:46,2025-04-17 17:32:46,2025-04-18 01:48:46,30.9,28.621296,77.12846,28.715279,77.207731,Individual,1,300,4,12
Restaurant,Non-Vegetarian,43,2025-04-17 10:48:46,2025-04-17 11:43:46,2025-04-17 15:48:46,28.1,28.601168,77.271657,28.731787,77.079469,Individual,1,400,20,15
Hotel,Vegetarian,41,2025-04-17 17:48:46,2025-04-17 18:33:46,2025-04-17 22:48:46,22.0,28.610087,77.103068,28.685147,77.132723,Individual,1,250,6,10
Household,Dairy,6,2025-04-17 13:48:46,2025-04-17 14:41:46,2025-04-17 20:48:46,18.1,28.677844,77.20404,28.569249,77.137058,Shelter,1,150,8,9
Hotel,Non-Vegetarian,26,2025-04-17 12:48:46,2025-04-17 12:59:46,2025-04-17 21:48:46,21.4,28.608883,77.298644,28.633906,77.100071,Individual,1,400,20,15
Restaurant,Bakery,26,2025-04-17 08:48:46,2025-04-17 09:33:46,2025-04-17 15:48:46,15.3,28.707001,77.06028,28.660748,77.029003,NGO,1,300,4,12
Hotel,Vegetarian,20,2025-04-17 17:48:46,2025-04-17 18:13:46,2025-04-18 03:48:46,33.9,28.778153,77.070393,28.619795,77.045725,NGO,1,250,6,10
Hotel,Vegetarian,9,2025-04-17 14:48:46,2025-04-17 15:37:46,2025-04-18 00:48:46,26.2,28.75261,77.156287,28.687076,77.026737,Individual,1,250,6,10
Household,Vegetarian,43,2025-04-17 17:48:46,2025-04-17 18:13:46,2025-04-18 01:48:46,14.8,28.518933,77.035295,28.568207,77.102502,Individual,1,250,6,10
Household,Non-Vegetarian,45,2025-04-17 13:48:46,2025-04-17 13:59:46,2025-04-18 00:48:46,26.6,28.591657,77.119094,28.634161,77.180178,Shelter,1,400,20,15
Household,Bakery,10,2025-04-17 15:48:46,2025-04-17 16:19:46,2025-04-17 23:48:46,27.0,28.617313,77.150346,28.619154,77.16192,Individual,1,300,4,12
Household,Non-Vegetarian,49,2025-04-17 15:48:46,2025-04-17 16:27:46,2025-04-18 01:48:46,26.0,28.716427,77.042383,28.563595,77.245621,Individual,1,400,20,15
Household,Dairy,19,2025-04-17 13:48:46,2025-04-17 14:32:46,2025-04-17 17:48:46,14.6,28.567084,77.287197,28.671912,77.279819,Individual,1,150,8,9
Hotel,Vegetarian,6,2025-04-17 09:48:46,2025-04-17 10:30:46,2025-04-17 15:48:46,28.2,28.541759,77.269478,28.7488,77.095259,NGO,1,250,6,10
Restaurant,Vegetarian,39,2025-04-17 09:48:46,2025-04-17 10:03:46,2025-04-17 20:48:46,30.0,28.536529,77.14347,28.651832,77.069765,NGO,1,250,6,10
Hotel,Vegetarian,49,2025-04-17 14:48:46,2025-04-17 15:15:46,2025-04-17 22:48:46,10.0,28.505306,77.180766,28.609439,77.115938,Individual,1,250,6,10
Hotel,Bakery,9,2025-04-17 15:48:46,2025-04-17 16:31:46,2025-04-18 02:48:46,11.7,28.79846,77.017334,28.708511,77.295104,Shelter,1,300,4,12
Hotel,Bakery,23,2025-04-17 09:48:46,2025-04-17 10:32:46,2025-04-17 16:48:46,13.6,28.590983,77.030314,28.707648,77.018688,Shelter,0,300,4,12
Restaurant,Dairy,8,2025-04-17 14:48:46,2025-04-17 15:36:46,2025-04-18 00:48:46,34.4,28.684566,77.091876,28.687169,77.158112,NGO,1,150,8,9
Restaurant,Dairy,43,2025-04-17 16:48:46,2025-04-17 17:34:46,2025-04-17 22:48:46,22.1,28.696223,77.106271,28.657651,77.14449,NGO,1,150,8,9
Household,Bakery,11,2025-04-17 13:48:46,2025-04-17 14:19:46,2025-04-17 20:48:46,10.3,28.624846,77.144403,28.505758,77.077944,Shelter,1,300,4,12
Hotel,Non-Vegetarian,14,2025-04-17 11:48:46,2025-04-17 12:36:46,2025-04-17 18:48:46,16.5,28.503636,77.07236,28.792762,77.240461,Individual,0,400,20,15
Restaurant,Non-Vegetarian,49,2025-04-17 14:48:46,2025-04-17 15:14:46,2025-04-17 19:48:46,18.0,28.693827,77.1498,28.579806,77.044771,Individual,0,400,20,15
Restaurant,Dairy,8,2025-04-17 16:48:46,2025-04-17 17:45:46,2025-04-17 20:48:46,24.3,28.612766,77.118343,28.637834,77.235505,Shelter,1,150,8,9
Household,Non-Vegetarian,17,2025-04-17 17:48:46,2025-04-17 18:38:46,2025-04-17 20:48:46,29.8,28.782849,77.242665,28.522925,77.08381,Individual,1,400,20,15
Household,Dairy,44,2025-04-17 13:48:46,2025-04-17 14:25:46,2025-04-17 22:48:46,29.8,28.768535,77.191001,28.68418,77.019996,NGO,1,150,8,9
Hotel,Bakery,28,2025-04-17 15:48:46,2025-04-17 16:02:46,2025-04-17 18:48:46,23.3,28.514349,77.011407,28.723862,77.197711,Shelter,1,300,4,12
Restaurant,Vegetarian,28,2025-04-17 15:48:46,2025-04-17 16:21:46,2025-04-17 18:48:46,38.7,28.721253,77.105975,28.588961,77.104911,Individual,1,250,6,10
Restaurant,Bakery,19,2025-04-17 15:48:46,2025-04-17 16:04:46,2025-04-17 20:48:46,15.6,28.552233,77.029519,28.698091,77.229312,Individual,1,300,4,12
Household,Bakery,14,2025-04-17 12:48:46,2025-04-17 13:44:46,2025-04-17 15:48:46,18.9,28.730767,77.187399,28.614582,77.061706,NGO,0,300,4,12
Restaurant,Non-Vegetarian,40,2025-04-17 14:48:46,2025-04-17 15:11:46,2025-04-18 01:48:46,29.3,28.659091,77.012585,28.790547,77.239614,Shelter,0,400,20,15
Household,Non-Vegetarian,16,2025-04-17 07:48:46,2025-04-17 08:37:46,2025-04-17 11:48:46,28.1,28.674727,77.224422,28.743531,77.196944,NGO,1,400,20,15
Household,Vegetarian,15,2025-04-17 08:48:46,2025-04-17 09:12:46,2025-04-17 11:48:46,37.8,28.567385,77.11165,28.629623,77.131821,Shelter,1,250,6,10
Hotel,Dairy,29,2025-04-17 16:48:46,2025-04-17 17:19:46,2025-04-17 22:48:46,17.2,28.53645,77.059241,28.766077,77.193743,NGO,1,150,8,9
Restaurant,Vegetarian,39,2025-04-17 08:48:46,2025-04-17 09:29:46,2025-04-17 17:48:46,36.4,28.577529,77.163205,28.690821,77.066319,Individual,0,250,6,10
Restaurant,Dairy,12,2025-04-17 10:48:46,2025-04-17 11:43:46,2025-04-17 19:48:46,15.4,28.516157,77.096018,28.725956,77.080799,Shelter,1,150,8,9
Restaurant,Bakery,32,2025-04-17 16:48:46,2025-04-17 16:59:46,2025-04-17 23:48:46,31.8,28.745336,77.064053,28.651756,77.252211,Individual,1,300,4,12
Hotel,Bakery,17,2025-04-17 12:48:46,2025-04-17 13:40:46,2025-04-17 19:48:46,27.7,28.652508,77.089265,28.669507,77.206666,Individual,1,300,4,12
Hotel,Vegetarian,43,2025-04-17 09:48:46,2025-04-17 10:34:46,2025-04-17 19:48:46,23.8,28.502799,77.074004,28.717939,77.297543,Shelter,1,250,6,10
Hotel,Bakery,44,2025-04-17 15:48:46,2025-04-17 16:29:46,2025-04-17 19:48:46,16.1,28.666525,77.219921,28.684796,77.056407,NGO,1,300,4,12
Restaurant,Bakery,45,2025-04-17 09:48:46,2025-04-17 10:33:46,2025-04-17 17:48:46,35.4,28.751989,77.249804,28.503309,77.224864,Shelter,1,300,4,12
Hotel,Dairy,24,2025-04-17 07:48:46,2025-04-17 08:13:46,2025-04-17 12:48:46,35.3,28.641096,77.150615,28.537414,77.115613,Shelter,1,150,8,9
Restaurant,Vegetarian,8,2025-04-17 14:48:46,2025-04-17 15:07:46,2025-04-18 00:48:46,16.5,28.541347,77.198913,28.500564,77.053512,NGO,0,250,6,10
Restaurant,Bakery,14,2025-04-17 12:48:46,2025-04-17 13:43:46,2025-04-17 18:48:46,15.4,28.616302,77.120698,28.762279,77.153033,Shelter,1,300,4,12
Restaurant,Non-Vegetarian,7,2025-04-17 10:48:46,2025-04-17 11:34:46,2025-04-17 19:48:46,31.1,28.515841,77.145979,28.679811,77.180644,Shelter,1,400,20,15
Hotel,Vegetarian,23,2025-04-17 17:48:46,2025-04-17 18:43:46,2025-04-17 22:48:46,11.8,28.600271,77.235469,28.712304,77.236584,Shelter,0,250,6,10
Household,Non-Vegetarian,23,2025-04-17 14:48:46,2025-04-17 15:27:46,2025-04-17 23:48:46,32.1,28.570757,77.111427,28.518763,77.24041,Shelter,1,400,20,15
Hotel,Dairy,15,2025-04-17 09:48:46,2025-04-17 10:42:46,2025-04-17 12:48:46,22.6,28.690853,77.235695,28.535501,77.122971,NGO,1,150,8,9
Household,Dairy,18,2025-04-17 07:48:46,2025-04-17 08:36:46,2025-04-17 18:48:46,38.5,28.560881,77.169665,28.793894,77.049588,Shelter,1,150,8,9
Hotel,Dairy,47,2025-04-17 17:48:46,2025-04-17 18:27:46,2025-04-18 01:48:46,18.2,28.655424,77.089618,28.782204,77.077789,Individual,0,150,8,9
Restaurant,Bakery,30,2025-04-17 15:48:46,2025-04-17 16:02:46,2025-04-17 22:48:46,24.4,28.630554,77.281206,28.711806,77.189351,Individual,1,300,4,12
Hotel,Bakery,43,2025-04-17 11:48:46,2025-04-17 12:47:46,2025-04-17 16:48:46,23.1,28.718852,77.229654,28.547672,77.183068,Individual,1,300,4,12
Restaurant,Bakery,35,2025-04-17 14:48:46,2025-04-17 15:21:46,2025-04-18 01:48:46,38.7,28.520687,77.017116,28.584656,77.078512,Individual,1,300,4,12
Household,Vegetarian,39,2025-04-17 11:48:46,2025-04-17 12:25:46,2025-04-17 21:48:46,39.2,28.611362,77.128666,28.753437,77.080442,Individual,1,250,6,10
Household,Non-Vegetarian,13,2025-04-17 14:48:46,2025-04-17 15:40:46,2025-04-17 20:48:46,28.6,28.668598,77.103776,28.594557,77.231557,Individual,1,400,20,15
Hotel,Non-Vegetarian,10,2025-04-17 16:48:46,2025-04-17 17:29:46,2025-04-18 02:48:46,26.4,28.538396,77.264641,28.618034,77.248361,NGO,0,400,20,15
Household,Dairy,18,2025-04-17 09:48:46,2025-04-17 10:34:46,2025-04-17 16:48:46,17.7,28.696252,77.059429,28.669599,77.13918,NGO,1,150,8,9
Household,Dairy,29,2025-04-17 13:48:46,2025-04-17 14:09:46,2025-04-18 00:48:46,15.5,28.506611,77.216002,28.625397,77.026652,NGO,0,150,8,9
Household,Bakery,26,2025-04-17 11:48:46,2025-04-17 12:30:46,2025-04-17 14:48:46,39.4,28.568223,77.121193,28.662764,77.23751,Shelter,1,300,4,12
Hotel,Dairy,21,2025-04-17 16:48:46,2025-04-17 17:03:46,2025-04-18 00:48:46,35.4,28.628589,77.042288,28.699256,77.064827,NGO,1,150,8,9
Household,Dairy,14,2025-04-17 16:48:46,2025-04-17 17:13:46,2025-04-17 21:48:46,29.5,28.66363,77.018682,28.653751,77.241921,Shelter,1,150,8,9
Hotel,Dairy,14,2025-04-17 15:48:46,2025-04-17 16:46:46,2025-04-18 00:48:46,36.2,28.663454,77.227528,28.726232,77.005384,Individual,1,150,8,9
Household,Dairy,44,2025-04-17 13:48:46,2025-04-17 14:12:46,2025-04-17 21:48:46,14.8,28.576648,77.283991,28.668055,77.225219,NGO,1,150,8,9
Restaurant,Non-Vegetarian,6,2025-04-17 09:48:46,2025-04-17 10:00:46,2025-04-17 19:48:46,18.5,28.617219,77.239503,28.61158,77.135509,Individual,1,400,20,15
Restaurant,Vegetarian,47,2025-04-17 15:48:46,2025-04-17 16:02:46,2025-04-17 20:48:46,15.9,28.556017,77.028211,28.607001,77.227245,Individual,1,250,6,10
Restaurant,Non-Vegetarian,41,2025-04-17 13:48:46,2025-04-17 14:05:46,2025-04-17 22:48:46,29.3,28.558752,77.269087,28.656057,77.134281,Individual,0,400,20,15
Hotel,Non-Vegetarian,10,2025-04-17 16:48:46,2025-04-17 17:04:46,2025-04-17 21:48:46,20.9,28.769156,77.050656,28.652115,77.179434,Individual,1,400,20,15
Restaurant,Vegetarian,12,2025-04-17 13:48:46,2025-04-17 14:29:46,2025-04-17 20:48:46,23.2,28.684589,77.025039,28.764725,77.241081,NGO,1,250,6,10
Household,Vegetarian,20,2025-04-17 17:48:46,2025-04-17 18:42:46,2025-04-18 02:48:46,13.7,28.717556,77.096903,28.799123,77.293935,Individual,1,250,6,10
Household,Bakery,31,2025-04-17 13:48:46,2025-04-17 14:22:46,2025-04-17 18:48:46,25.8,28.715806,77.267077,28.523822,77.219449,NGO,1,300,4,12
Hotel,Bakery,32,2025-04-17 09:48:46,2025-04-17 10:35:46,2025-04-17 13:48:46,13.3,28.727875,77.29642,28.770389,77.1955,Individual,0,300,4,12
Hotel,Dairy,13,2025-04-17 13:48:46,2025-04-17 14:21:46,2025-04-17 17:48:46,34.6,28.763947,77.15763,28.573302,77.033883,NGO,0,150,8,9
Household,Bakery,30,2025-04-17 17:48:46,2025-04-17 18:18:46,2025-04-17 22:48:46,14.3,28.604382,77.135105,28.724648,77.195344,Individual,1,300,4,12
Hotel,Vegetarian,26,2025-04-17 17:48:46,2025-04-17 18:02:46,2025-04-17 22:48:46,10.9,28.721788,77.031903,28.594476,77.001145,NGO,1,250,6,10
Hotel,Non-Vegetarian,43,2025-04-17 12:48:46,2025-04-17 13:06:46,2025-04-17 18:48:46,16.8,28.751112,77.083783,28.692865,77.208245,NGO,0,400,20,15
Restaurant,Bakery,29,2025-04-17 12:48:46,2025-04-17 13:12:46,2025-04-17 19:48:46,11.0,28.591184,77.195949,28.781491,77.261361,Shelter,0,300,4,12
Restaurant,Dairy,43,2025-04-17 09:48:46,2025-04-17 10:32:46,2025-04-17 13:48:46,29.5,28.762268,77.000057,28.550724,77.116928,NGO,1,150,8,9
Hotel,Vegetarian,42,2025-04-17 14:48:46,2025-04-17 15:05:46,2025-04-17 19:48:46,22.4,28.740706,77.143721,28.5054,77.126433,Shelter,1,250,6,10
Hotel,Vegetarian,18,2025-04-17 08:48:46,2025-04-17 09:35:46,2025-04-17 17:48:46,13.8,28.712306,77.291833,28.747812,77.209795,Shelter,1,250,6,10
Hotel,Vegetarian,32,2025-04-17 14:48:46,2025-04-17 15:42:46,2025-04-17 23:48:46,28.6,28.667755,77.188471,28.659803,77.190527,Individual,1,250,6,10
Restaurant,Dairy,18,2025-04-17 10:48:46,2025-04-17 11:35:46,2025-04-17 17:48:46,26.2,28.52896,77.072568,28.503721,77.14063,NGO,0,150,8,9
Restaurant,Bakery,29,2025-04-17 07:48:46,2025-04-17 08:32:46,2025-04-17 18:48:46,19.0,28.722958,77.014443,28.770868,77.255679,NGO,1,300,4,12
Household,Non-Vegetarian,45,2025-04-17 12:48:46,2025-04-17 13:38:46,2025-04-17 22:48:46,15.6,28.523691,77.071853,28.738373,77.010401,Shelter,1,400,20,15
Restaurant,Non-Vegetarian,39,2025-04-17 07:48:46,2025-04-17 08:43:46,2025-04-17 11:48:46,27.2,28.697648,77.075692,28.566068,77.146512,Shelter,1,400,20,15
Household,Bakery,13,2025-04-17 09:48:46,2025-04-17 10:01:46,2025-04-17 14:48:46,34.9,28.763694,77.171532,28.655234,77.129128,Individual,1,300,4,12
Household,Bakery,16,2025-04-17 12:48:46,2025-04-17 13:09:46,2025-04-17 23:48:46,20.2,28.549447,77.051175,28.784432,77.133574,Individual,1,300,4,12
Hotel,Vegetarian,33,2025-04-17 15:48:46,2025-04-17 16:01:46,2025-04-18 00:48:46,25.4,28.531267,77.115353,28.6463,77.195667,Shelter,1,250,6,10
Restaurant,Dairy,6,2025-04-17 10:48:46,2025-04-17 11:31:46,2025-04-17 19:48:46,39.5,28.580688,77.122092,28.767444,77.000876,NGO,1,150,8,9
Household,Vegetarian,16,2025-04-17 12:48:46,2025-04-17 13:23:46,2025-04-17 22:48:46,17.2,28.640893,77.13514,28.641891,77.186756,Shelter,1,250,6,10
Restaurant,Vegetarian,18,2025-04-17 15:48:46,2025-04-17 16:45:46,2025-04-17 21:48:46,16.2,28.654972,77.001652,28.502299,77.065721,NGO,1,250,6,10
Household,Non-Vegetarian,47,2025-04-17 14:48:46,2025-04-17 15:30:46,2025-04-17 23:48:46,34.1,28.671615,77.1538,28.588047,77.279526,Shelter,1,400,20,15
Hotel,Dairy,13,2025-04-17 10:48:46,2025-04-17 11:34:46,2025-04-17 13:48:46,28.5,28.534152,77.103567,28.652224,77.262267,Individual,1,150,8,9
Household,Bakery,17,2025-04-17 07:48:46,2025-04-17 08:43:46,2025-04-17 12:48:46,23.5,28.778828,77.049561,28.616962,77.218958,NGO,1,300,4,12
Household,Non-Vegetarian,12,2025-04-17 10:48:46,2025-04-17 11:42:46,2025-04-17 13:48:46,34.7,28.786518,77.246359,28.50047,77.19092,Shelter,1,400,20,15
Hotel,Vegetarian,27,2025-04-17 11:48:46,2025-04-17 12:46:46,2025-04-17 17:48:46,30.6,28.534346,77.115152,28.636871,77.110716,Shelter,1,250,6,10
Household,Bakery,23,2025-04-17 10:48:46,2025-04-17 11:17:46,2025-04-17 13:48:46,12.1,28.524054,77.106431,28.782518,77.200572,NGO,1,300,4,12
Restaurant,Non-Vegetarian,45,2025-04-17 08:48:46,2025-04-17 08:59:46,2025-04-17 13:48:46,27.8,28.503039,77.190829,28.773986,77.183772,Individual,0,400,20,15
Restaurant,Dairy,32,2025-04-17 15:48:46,2025-04-17 16:17:46,2025-04-17 23:48:46,13.6,28.770736,77.019933,28.66019,77.042641,NGO,1,150,8,9
Household,Vegetarian,21,2025-04-17 09:48:46,2025-04-17 10:09:46,2025-04-17 14:48:46,23.5,28.525318,77.119811,28.77304,77.242407,Individual,1,250,6,10
Hotel,Dairy,35,2025-04-17 09:48:46,2025-04-17 10:20:46,2025-04-17 19:48:46,29.6,28.753681,77.207748,28.628979,77.20189,NGO,1,150,8,9
Household,Non-Vegetarian,13,2025-04-17 13:48:46,2025-04-17 14:35:46,2025-04-17 17:48:46,21.5,28.635037,77.17378,28.727805,77.029662,NGO,1,400,20,15
Hotel,Dairy,15,2025-04-17 08:48:46,2025-04-17 09:33:46,2025-04-17 11:48:46,25.8,28.653504,77.049689,28.693722,77.013434,Individual,1,150,8,9
Hotel,Bakery,5,2025-04-17 17:48:46,2025-04-17 18:44:46,2025-04-17 23:48:46,20.2,28.655172,77.113673,28.502013,77.115762,Individual,1,300,4,12
Household,Bakery,31,2025-04-17 07:48:46,2025-04-17 08:46:46,2025-04-17 10:48:46,30.3,28.681734,77.109378,28.565368,77.296411,Individual,1,300,4,12
Hotel,Bakery,5,2025-04-17 14:48:46,2025-04-17 15:46:46,2025-04-17 18:48:46,24.6,28.508261,77.151637,28.789205,77.115262,Individual,1,300,4,12
Hotel,Vegetarian,31,2025-04-17 12:48:46,2025-04-17 13:40:46,2025-04-17 17:48:46,10.7,28.726864,77.137557,28.586773,77.270025,NGO,1,250,6,10
Restaurant,Vegetarian,41,2025-04-17 08:48:46,2025-04-17 09:34:46,2025-04-17 13:48:46,36.7,28.680883,77.248012,28.795204,77.086522,NGO,1,250,6,10
Hotel,Bakery,21,2025-04-17 12:48:46,2025-04-17 13:01:46,2025-04-17 19:48:46,14.6,28.666113,77.162511,28.728571,77.250095,NGO,1,300,4,12
Restaurant,Non-Vegetarian,7,2025-04-17 08:48:46,2025-04-17 09:31:46,2025-04-17 13:48:46,15.3,28.652234,77.203216,28.570511,77.249207,Shelter,0,400,20,15
Restaurant,Bakery,8,2025-04-17 15:48:46,2025-04-17 15:58:46,2025-04-18 01:48:46,40.0,28.545156,77.245027,28.562193,77.234716,Shelter,1,300,4,12
Restaurant,Vegetarian,39,2025-04-17 16:48:46,2025-04-17 17:37:46,2025-04-18 00:48:46,27.1,28.686198,77.060394,28.618541,77.011838,Shelter,1,250,6,10
Household,Dairy,21,2025-04-17 13:48:46,2025-04-17 14:33:46,2025-04-17 21:48:46,16.8,28.789209,77.272836,28.716643,77.160016,NGO,1,150,8,9
Hotel,Non-Vegetarian,16,2025-04-17 12:48:46,2025-04-17 13:18:46,2025-04-17 20:48:46,33.7,28.537446,77.238263,28.58273,77.263127,Shelter,1,400,20,15
Household,Vegetarian,16,2025-04-17 12:48:46,2025-04-17 13:14:46,2025-04-17 17:48:46,23.9,28.794296,77.145022,28.759064,77.176619,NGO,1,250,6,10
Hotel,Non-Vegetarian,40,2025-04-17 12:48:46,2025-04-17 13:08:46,2025-04-17 15:48:46,26.9,28.632367,77.181727,28.77562,77.10868,NGO,1,400,20,15
Restaurant,Non-Vegetarian,21,2025-04-17 15:48:46,2025-04-17 16:11:46,2025-04-17 19:48:46,23.3,28.680635,77.177422,28.741977,77.142945,Individual,0,400,20,15
Hotel,Vegetarian,13,2025-04-17 10:48:46,2025-04-17 11:42:46,2025-04-17 13:48:46,29.2,28.58953,77.072115,28.59357,77.076814,NGO,1,250,6,10
Restaurant,Bakery,9,2025-04-17 11:48:46,2025-04-17 12:13:46,2025-04-17 15:48:46,24.3,28.706317,77.216812,28.70776,77.040331,Shelter,1,300,4,12
Household,Dairy,25,2025-04-17 16:48:46,2025-04-17 17:38:46,2025-04-18 02:48:46,32.0,28.658573,77.238018,28.797164,77.060195,NGO,1,150,8,9
Household,Dairy,30,2025-04-17 17:48:46,2025-04-17 18:37:46,2025-04-18 02:48:46,10.1,28.513249,77.102535,28.689872,77.020709,Individual,1,150,8,9
Restaurant,Vegetarian,17,2025-04-17 10:48:46,2025-04-17 11:05:46,2025-04-17 17:48:46,34.7,28.742755,77.265327,28.71001,77.031321,NGO,1,250,6,10
Restaurant,Vegetarian,27,2025-04-17 09:48:46,2025-04-17 10:31:46,2025-04-17 15:48:46,22.2,28.519803,77.104646,28.533299,77.242471,NGO,1,250,6,10
Restaurant,Bakery,49,2025-04-17 16:48:46,2025-04-17 17:42:46,2025-04-17 21:48:46,25.7,28.58987,77.023059,28.650187,77.238355,NGO,1,300,4,12
Household,Non-Vegetarian,20,2025-04-17 12:48:46,2025-04-17 12:59:46,2025-04-17 16:48:46,31.3,28.700056,77.063334,28.75902,77.120392,NGO,1,400,20,15
Hotel,Bakery,27,2025-04-17 10:48:46,2025-04-17 11:24:46,2025-04-17 18:48:46,19.6,28.642931,77.067809,28.692143,77.293694,Individual,1,300,4,12
Restaurant,Bakery,25,2025-04-17 15:48:46,2025-04-17 16:16:46,2025-04-18 02:48:46,32.8,28.556353,77.215937,28.76008,77.136184,Shelter,1,300,4,12
Hotel,Bakery,40,2025-04-17 10:48:46,2025-04-17 11:17:46,2025-04-17 14:48:46,17.3,28.714186,77.24676,28.741188,77.16575,Shelter,1,300,4,12
Restaurant,Non-Vegetarian,8,2025-04-17 07:48:46,2025-04-17 08:20:46,2025-04-17 17:48:46,18.1,28.649009,77.085282,28.540149,77.188867,NGO,1,400,20,15
Hotel,Non-Vegetarian,15,2025-04-17 09:48:46,2025-04-17 10:09:46,2025-04-17 12:48:46,19.5,28.50004,77.153339,28.514056,77.082851,Individual,1,400,20,15
Household,Bakery,42,2025-04-17 17:48:46,2025-04-17 18:20:46,2025-04-18 03:48:46,35.2,28.501146,77.074047,28.722271,77.094881,Individual,1,300,4,12
Household,Dairy,15,2025-04-17 09:48:46,2025-04-17 09:58:46,2025-04-17 14:48:46,26.9,28.759964,77.171543,28.77216,77.282895,Individual,0,150,8,9
Household,Bakery,23,2025-04-17 17:48:46,2025-04-17 18:03:46,2025-04-18 03:48:46,38.9,28.526787,77.206106,28.648144,77.116295,NGO,1,300,4,12
Household,Vegetarian,31,2025-04-17 09:48:46,2025-04-17 10:07:46,2025-04-17 18:48:46,17.6,28.762653,77.054842,28.583532,77.03888,Individual,1,250,6,10
Restaurant,Vegetarian,8,2025-04-17 09:48:46,2025-04-17 10:27:46,2025-04-17 20:48:46,13.2,28.734547,77.193245,28.514456,77.108015,Shelter,1,250,6,10
Restaurant,Bakery,43,2025-04-17 09:48:46,2025-04-17 10:32:46,2025-04-17 13:48:46,29.0,28.731234,77.000864,28.757687,77.055807,Individual,1,300,4,12
Restaurant,Non-Vegetarian,41,2025-04-17 14:48:46,2025-04-17 15:28:46,2025-04-17 18:48:46,16.4,28.697206,77.141685,28.764047,77.064722,NGO,1,400,20,15
Restaurant,Dairy,49,2025-04-17 11:48:46,2025-04-17 12:42:46,2025-04-17 15:48:46,21.8,28.779242,77.037717,28.721129,77.292378,Shelter,0,150,8,9
Household,Dairy,48,2025-04-17 13:48:46,2025-04-17 14:25:46,2025-04-17 23:48:46,24.0,28.673753,77.025602,28.512902,77.20006,Individual,1,150,8,9
Household,Bakery,14,2025-04-17 13:48:46,2025-04-17 14:41:46,2025-04-17 20:48:46,30.6,28.572567,77.273321,28.75148,77.212815,Shelter,1,300,4,12
Household,Dairy,18,2025-04-17 08:48:46,2025-04-17 09:32:46,2025-04-17 19:48:46,32.1,28.599073,77.27182,28.580003,77.217457,NGO,1,150,8,9
Household,Non-Vegetarian,29,2025-04-17 14:48:46,2025-04-17 15:23:46,2025-04-17 22:48:46,32.9,28.636476,77.080176,28.565942,77.039455,Individual,1,400,20,15
Hotel,Vegetarian,16,2025-04-17 07:48:46,2025-04-17 08:39:46,2025-04-17 18:48:46,13.6,28.579675,77.005266,28.587993,77.231943,NGO,1,250,6,10
Hotel,Non-Vegetarian,11,2025-04-17 14:48:46,2025-04-17 15:09:46,2025-04-17 21:48:46,29.4,28.792258,77.254118,28.507078,77.269568,Individual,1,400,20,15
Restaurant,Vegetarian,37,2025-04-17 11:48:46,2025-04-17 12:22:46,2025-04-17 21:48:46,23.7,28.619402,77.090875,28.519708,77.068471,Shelter,1,250,6,10
Restaurant,Dairy,38,2025-04-17 16:48:46,2025-04-17 17:25:46,2025-04-18 01:48:46,30.1,28.674663,77.297063,28.571748,77.159221,NGO,1,150,8,9
Restaurant,Dairy,24,2025-04-17 16:48:46,2025-04-17 17:08:46,2025-04-18 00:48:46,21.0,28.567614,77.05875,28.542241,77.186724,Shelter,1,150,8,9
Household,Non-Vegetarian,14,2025-04-17 07:48:46,2025-04-17 08:42:46,2025-04-17 12:48:46,14.4,28.743337,77.190786,28.61645,77.202239,Shelter,1,400,20,15
Restaurant,Non-Vegetarian,47,2025-04-17 17:48:46,2025-04-17 18:46:46,2025-04-17 23:48:46,20.1,28.717494,77.161644,28.518189,77.207,Shelter,1,400,20,15
Restaurant,Non-Vegetarian,30,2025-04-17 17:48:46,2025-04-17 18:47:46,2025-04-18 00:48:46,24.9,28.569075,77.013369,28.624693,77.090575,Shelter,1,400,20,15
Restaurant,Non-Vegetarian,38,2025-04-17 08:48:46,2025-04-17 09:18:46,2025-04-17 15:48:46,28.6,28.778598,77.228256,28.664058,77.054092,NGO,1,400,20,15
Hotel,Bakery,35,2025-04-17 15:48:46,2025-04-17 16:27:46,2025-04-17 23:48:46,23.4,28.562756,77.014994,28.753095,77.294358,NGO,1,300,4,12
Household,Non-Vegetarian,17,2025-04-17 16:48:46,2025-04-17 17:08:46,2025-04-18 00:48:46,13.3,28.690962,77.149471,28.622002,77.285906,Individual,1,400,20,15
Hotel,Vegetarian,16,2025-04-17 07:48:46,2025-04-17 08:34:46,2025-04-17 18:48:46,37.6,28.552829,77.064187,28.503909,77.004257,NGO,1,250,6,10
Hotel,Vegetarian,48,2025-04-17 15:48:46,2025-04-17 16:26:46,2025-04-17 19:48:46,30.9,28.618562,77.285869,28.790116,77.117838,Shelter,1,250,6,10
Household,Bakery,46,2025-04-17 10:48:46,2025-04-17 11:27:46,2025-04-17 16:48:46,17.4,28.692185,77.19998,28.54881,77.169526,Shelter,1,300,4,12
Restaurant,Vegetarian,26,2025-04-17 12:48:46,2025-04-17 13:41:46,2025-04-17 23:48:46,35.1,28.735326,77.113096,28.665597,77.241426,Shelter,1,250,6,10
Hotel,Vegetarian,25,2025-04-17 10:48:46,2025-04-17 11:39:46,2025-04-17 20:48:46,35.4,28.718658,77.02862,28.628611,77.008751,NGO,1,250,6,10
Restaurant,Dairy,7,2025-04-17 08:48:46,2025-04-17 09:33:46,2025-04-17 19:48:46,14.6,28.797026,77.286454,28.648403,77.153816,Shelter,1,150,8,9
Household,Non-Vegetarian,11,2025-04-17 17:48:46,2025-04-17 18:00:46,2025-04-17 23:48:46,12.7,28.509785,77.017311,28.63331,77.082664,Individual,1,400,20,15
Household,Vegetarian,21,2025-04-17 16:48:46,2025-04-17 17:42:46,2025-04-17 22:48:46,21.6,28.672152,77.124681,28.754182,77.270671,Shelter,1,250,6,10
Household,Dairy,30,2025-04-17 14:48:46,2025-04-17 15:20:46,2025-04-18 01:48:46,11.2,28.510806,77.052567,28.760031,77.084744,NGO,1,150,8,9
Household,Non-Vegetarian,33,2025-04-17 14:48:46,2025-04-17 15:02:46,2025-04-18 00:48:46,27.4,28.65501,77.227633,28.584749,77.105915,Individual,1,400,20,15
Hotel,Bakery,11,2025-04-17 08:48:46,2025-04-17 09:37:46,2025-04-17 15:48:46,22.6,28.73411,77.142901,28.649262,77.061404,Individual,1,300,4,12
Hotel,Non-Vegetarian,33,2025-04-17 10:48:46,2025-04-17 11:38:46,2025-04-17 15:48:46,27.8,28.509843,77.190813,28.609306,77.088573,Shelter,1,400,20,15
Restaurant,Vegetarian,39,2025-04-17 13:48:46,2025-04-17 13:58:46,2025-04-17 18:48:46,12.9,28.748024,77.014292,28.718025,77.232172,Shelter,1,250,6,10
Hotel,Non-Vegetarian,28,2025-04-17 08:48:46,2025-04-17 09:01:46,2025-04-17 13:48:46,25.5,28.638988,77.013621,28.587009,77.279303,Shelter,1,400,20,15
Restaurant,Vegetarian,35,2025-04-17 13:48:46,2025-04-17 14:38:46,2025-04-18 00:48:46,27.7,28.518399,77.108653,28.716938,77.060168,Individual,1,250,6,10
Hotel,Dairy,43,2025-04-17 12:48:46,2025-04-17 13:18:46,2025-04-17 18:48:46,16.9,28.500442,77.218803,28.790054,77.067288,Individual,1,150,8,9
Restaurant,Non-Vegetarian,40,2025-04-17 09:48:46,2025-04-17 10:02:46,2025-04-17 18:48:46,28.3,28.768812,77.245408,28.575844,77.081432,NGO,1,400,20,15
Hotel,Dairy,40,2025-04-17 11:48:46,2025-04-17 12:13:46,2025-04-17 21:48:46,32.9,28.662741,77.04488,28.614207,77.124341,Individual,1,150,8,9
Household,Non-Vegetarian,46,2025-04-17 08:48:46,2025-04-17 09:29:46,2025-04-17 12:48:46,33.4,28.675132,77.285667,28.512727,77.079598,Individual,1,400,20,15
Hotel,Dairy,8,2025-04-17 14:48:46,2025-04-17 15:44:46,2025-04-18 01:48:46,13.9,28.668028,77.23422,28.712547,77.051627,Individual,0,150,8,9
Restaurant,Dairy,21,2025-04-17 09:48:46,2025-04-17 10:21:46,2025-04-17 13:48:46,30.9,28.714298,77.138515,28.776298,77.208379,Shelter,1,150,8,9
Restaurant,Dairy,43,2025-04-17 09:48:46,2025-04-17 10:14:46,2025-04-17 13:48:46,34.2,28.558572,77.103603,28.600683,77.293558,NGO,1,150,8,9
Restaurant,Bakery,7,2025-04-17 17:48:46,2025-04-17 18:46:46,2025-04-18 02:48:46,26.5,28.593595,77.14475,28.652002,77.116171,Shelter,1,300,4,12
Hotel,Bakery,8,2025-04-17 16:48:46,2025-04-17 17:46:46,2025-04-17 21:48:46,33.5,28.537315,77.239264,28.684774,77.252983,Shelter,0,300,4,12
Household,Non-Vegetarian,8,2025-04-17 10:48:46,2025-04-17 11:26:46,2025-04-17 15:48:46,31.2,28.660287,77.16222,28.628879,77.09265,Individual,0,400,20,15
Household,Non-Vegetarian,20,2025-04-17 12:48:46,2025-04-17 13:37:46,2025-04-17 17:48:46,38.6,28.568018,77.263802,28.742637,77.203146,Individual,1,400,20,15
Household,Dairy,48,2025-04-17 11:48:46,2025-04-17 11:59:46,2025-04-17 21:48:46,34.5,28.650455,77.021267,28.593859,77.280589,NGO,1,150,8,9
Restaurant,Dairy,20,2025-04-17 11:48:46,2025-04-17 12:16:46,2025-04-17 16:48:46,10.4,28.702206,77.015551,28.664658,77.08629,Individual,1,150,8,9
Household,Dairy,15,2025-04-17 13:48:46,2025-04-17 14:24:46,2025-04-17 16:48:46,38.0,28.629162,77.263395,28.681651,77.074139,NGO,0,150,8,9
Household,Bakery,37,2025-04-17 16:48:46,2025-04-17 17:45:46,2025-04-18 03:48:46,30.6,28.599737,77.016976,28.612176,77.283335,NGO,1,300,4,12
Household,Non-Vegetarian,17,2025-04-17 14:48:46,2025-04-17 15:04:46,2025-04-17 23:48:46,16.0,28.6255,77.225282,28.530412,77.083356,Shelter,1,400,20,15
Hotel,Vegetarian,22,2025-04-17 08:48:46,2025-04-17 09:38:46,2025-04-17 19:48:46,10.3,28.635035,77.293131,28.530936,77.164335,Individual,1,250,6,10
Hotel,Bakery,32,2025-04-17 09:48:46,2025-04-17 10:02:46,2025-04-17 13:48:46,31.1,28.626819,77.103957,28.619284,77.079283,Individual,1,300,4,12
Household,Dairy,14,2025-04-17 16:48:46,2025-04-17 17:22:46,2025-04-17 21:48:46,18.1,28.586238,77.197027,28.790561,77.181091,NGO,1,150,8,9
Restaurant,Bakery,43,2025-04-17 07:48:46,2025-04-17 08:26:46,2025-04-17 15:48:46,12.1,28.629112,77.208739,28.637407,77.027629,Individual,1,300,4,12
Restaurant,Dairy,6,2025-04-17 13:48:46,2025-04-17 14:31:46,2025-04-17 21:48:46,39.0,28.575268,77.202808,28.711989,77.183002,Shelter,1,150,8,9
Restaurant,Non-Vegetarian,45,2025-04-17 07:48:46,2025-04-17 08:33:46,2025-04-17 11:48:46,36.0,28.78402,77.031772,28.546449,77.283421,NGO,0,400,20,15
Household,Bakery,26,2025-04-17 15:48:46,2025-04-17 16:45:46,2025-04-17 22:48:46,16.1,28.676276,77.210342,28.704034,77.122446,Shelter,1,300,4,12
Hotel,Non-Vegetarian,49,2025-04-17 14:48:46,2025-04-17 15:04:46,2025-04-17 17:48:46,26.3,28.781895,77.066145,28.717718,77.185175,NGO,1,400,20,15
Hotel,Dairy,36,2025-04-17 12:48:46,2025-04-17 13:45:46,2025-04-17 20:48:46,13.1,28.502496,77.130075,28.527788,77.224515,Shelter,1,150,8,9
Household,Dairy,29,2025-04-17 14:48:46,2025-04-17 15:26:46,2025-04-18 01:48:46,23.2,28.798879,77.068752,28.664063,77.201203,Shelter,1,150,8,9
Restaurant,Vegetarian,24,2025-04-17 10:48:46,2025-04-17 11:36:46,2025-04-17 13:48:46,34.6,28.515006,77.273456,28.508851,77.106791,Shelter,0,250,6,10
Household,Vegetarian,9,2025-04-17 07:48:46,2025-04-17 08:45:46,2025-04-17 11:48:46,11.9,28.637682,77.21982,28.68202,77.201862,Individual,1,250,6,10
Household,Vegetarian,22,2025-04-17 11:48:46,2025-04-17 12:07:46,2025-04-17 15:48:46,34.2,28.746895,77.279813,28.663276,77.060085,Individual,1,250,6,10
Restaurant,Vegetarian,14,2025-04-17 12:48:46,2025-04-17 12:58:46,2025-04-17 21:48:46,32.1,28.656435,77.020538,28.611334,77.27623,NGO,1,250,6,10
Hotel,Dairy,10,2025-04-17 07:48:46,2025-04-17 08:22:46,2025-04-17 16:48:46,18.1,28.610535,77.268604,28.699939,77.236216,NGO,1,150,8,9
Hotel,Vegetarian,25,2025-04-17 16:48:46,2025-04-17 17:40:46,2025-04-18 00:48:46,22.8,28.632764,77.194797,28.780884,77.019202,Individual,1,250,6,10
Hotel,Bakery,38,2025-04-17 12:48:46,2025-04-17 13:08:46,2025-04-17 23:48:46,16.0,28.67707,77.12229,28.640858,77.008493,NGO,1,300,4,12
Hotel,Non-Vegetarian,32,2025-04-17 17:48:46,2025-04-17 18:00:46,2025-04-18 01:48:46,29.7,28.578071,77.047848,28.548139,77.021148,NGO,1,400,20,15
Restaurant,Vegetarian,14,2025-04-17 13:48:46,2025-04-17 14:47:46,2025-04-17 22:48:46,31.6,28.747946,77.13386,28.741753,77.002389,Shelter,1,250,6,10
Household,Vegetarian,16,2025-04-17 07:48:46,2025-04-17 08:39:46,2025-04-17 16:48:46,17.6,28.722759,77.022991,28.761791,77.248435,Individual,1,250,6,10
Household,Non-Vegetarian,36,2025-04-17 11:48:46,2025-04-17 12:29:46,2025-04-17 18:48:46,19.8,28.606327,77.15169,28.782336,77.262896,NGO,1,400,20,15
Hotel,Dairy,25,2025-04-17 09:48:46,2025-04-17 10:03:46,2025-04-17 14:48:46,34.9,28.604667,77.15648,28.738346,77.265313,NGO,0,150,8,9
Household,Bakery,16,2025-04-17 11:48:46,2025-04-17 12:13:46,2025-04-17 16:48:46,22.4,28.503975,77.088783,28.637757,77.123328,Individual,1,300,4,12
Household,Non-Vegetarian,36,2025-04-17 14:48:46,2025-04-17 15:44:46,2025-04-17 23:48:46,22.9,28.722188,77.258892,28.659567,77.23683,NGO,1,400,20,15
Hotel,Dairy,34,2025-04-17 12:48:46,2025-04-17 13:30:46,2025-04-17 15:48:46,22.4,28.719724,77.264499,28.536449,77.190392,NGO,1,150,8,9
Household,Non-Vegetarian,40,2025-04-17 16:48:46,2025-04-17 17:06:46,2025-04-18 01:48:46,11.7,28.61731,77.070261,28.565866,77.287959,Shelter,1,400,20,15
Restaurant,Vegetarian,12,2025-04-17 07:48:46,2025-04-17 08:06:46,2025-04-17 10:48:46,22.9,28.662272,77.208929,28.710644,77.051508,Shelter,1,250,6,10
Restaurant,Non-Vegetarian,38,2025-04-17 15:48:46,2025-04-17 16:10:46,2025-04-17 23:48:46,27.3,28.506642,77.283534,28.708988,77.148711,NGO,1,400,20,15
Restaurant,Vegetarian,33,2025-04-17 11:48:46,2025-04-17 12:21:46,2025-04-17 14:48:46,16.2,28.617558,77.268702,28.561295,77.152342,NGO,1,250,6,10
Household,Non-Vegetarian,5,2025-04-17 17:48:46,2025-04-17 18:14:46,2025-04-18 04:48:46,30.2,28.622436,77.265686,28.56657,77.214392,Shelter,1,400,20,15
Restaurant,Bakery,20,2025-04-17 09:48:46,2025-04-17 10:25:46,2025-04-17 20:48:46,26.1,28.750835,77.246417,28.752998,77.145528,NGO,1,300,4,12
Hotel,Bakery,45,2025-04-17 11:48:46,2025-04-17 12:11:46,2025-04-17 16:48:46,34.6,28.621371,77.145303,28.50401,77.122922,Shelter,0,300,4,12
Restaurant,Non-Vegetarian,44,2025-04-17 16:48:46,2025-04-17 17:45:46,2025-04-17 20:48:46,12.0,28.763205,77.116821,28.662528,77.29042,Individual,1,400,20,15
Restaurant,Vegetarian,32,2025-04-17 14:48:46,2025-04-17 15:46:46,2025-04-17 18:48:46,21.3,28.741144,77.130042,28.799155,77.167718,NGO,1,250,6,10
Household,Vegetarian,33,2025-04-17 15:48:46,2025-04-17 16:16:46,2025-04-17 20:48:46,20.5,28.61176,77.020614,28.610872,77.139272,NGO,0,250,6,10
Household,Vegetarian,15,2025-04-17 08:48:46,2025-04-17 09:28:46,2025-04-17 12:48:46,29.9,28.645197,77.001594,28.741348,77.231843,Shelter,0,250,6,10
Restaurant,Non-Vegetarian,19,2025-04-17 09:48:46,2025-04-17 10:33:46,2025-04-17 19:48:46,22.8,28.66441,77.156322,28.605061,77.203242,Shelter,1,400,20,15
Hotel,Vegetarian,21,2025-04-17 15:48:46,2025-04-17 16:34:46,2025-04-17 20:48:46,28.6,28.722676,77.050964,28.558493,77.267123,Individual,1,250,6,10
Restaurant,Vegetarian,33,2025-04-17 08:48:46,2025-04-17 09:14:46,2025-04-17 17:48:46,28.2,28.629949,77.232291,28.755775,77.162494,NGO,1,250,6,10
Household,Non-Vegetarian,46,2025-04-17 08:48:46,2025-04-17 09:10:46,2025-04-17 16:48:46,21.6,28.676551,77.055612,28.679931,77.258454,Individual,1,400,20,15
Hotel,Bakery,34,2025-04-17 08:48:46,2025-04-17 09:41:46,2025-04-17 11:48:46,27.5,28.540095,77.133158,28.635233,77.287549,Individual,1,300,4,12
Hotel,Bakery,42,2025-04-17 09:48:46,2025-04-17 10:44:46,2025-04-17 14:48:46,38.2,28.690912,77.097354,28.580854,77.057278,Shelter,1,300,4,12
Restaurant,Dairy,17,2025-04-17 07:48:46,2025-04-17 08:33:46,2025-04-17 16:48:46,17.9,28.698591,77.244482,28.733408,77.228255,Individual,1,150,8,9
Restaurant,Dairy,10,2025-04-17 10:48:46,2025-04-17 11:17:46,2025-04-17 17:48:46,32.4,28.545182,77.065169,28.639197,77.079201,Shelter,1,150,8,9
Hotel,Dairy,25,2025-04-17 15:48:46,2025-04-17 16:12:46,2025-04-17 22:48:46,28.9,28.757436,77.235132,28.628695,77.06032,Shelter,1,150,8,9
Restaurant,Dairy,44,2025-04-17 11:48:46,2025-04-17 12:37:46,2025-04-17 19:48:46,12.8,28.724401,77.243814,28.712051,77.290179,Individual,1,150,8,9
Restaurant,Non-Vegetarian,31,2025-04-17 14:48:46,2025-04-17 15:09:46,2025-04-17 19:48:46,39.9,28.572449,77.012105,28.623357,77.039024,Shelter,1,400,20,15
Restaurant,Non-Vegetarian,15,2025-04-17 07:48:46,2025-04-17 08:18:46,2025-04-17 12:48:46,22.2,28.50411,77.024067,28.593659,77.004723,NGO,1,400,20,15
Restaurant,Bakery,35,2025-04-17 10:48:46,2025-04-17 11:47:46,2025-04-17 13:48:46,32.9,28.511681,77.251136,28.685858,77.169019,Individual,1,300,4,12
Hotel,Non-Vegetarian,20,2025-04-17 13:48:46,2025-04-17 14:18:46,2025-04-17 18:48:46,27.4,28.797204,77.227019,28.632688,77.212219,Individual,1,400,20,15
Restaurant,Non-Vegetarian,47,2025-04-17 09:48:46,2025-04-17 10:17:46,2025-04-17 14:48:46,36.1,28.613738,77.111446,28.685558,77.189922,Individual,1,400,20,15
Restaurant,Non-Vegetarian,9,2025-04-17 15:48:46,2025-04-17 16:18:46,2025-04-17 19:48:46,29.5,28.741324,77.21453,28.677947,77.016004,NGO,0,400,20,15
Household,Non-Vegetarian,15,2025-04-17 16:48:46,2025-04-17 17:24:46,2025-04-18 01:48:46,35.9,28.533019,77.277514,28.689493,77.016317,Shelter,0,400,20,15
Household,Non-Vegetarian,29,2025-04-17 09:48:46,2025-04-17 10:07:46,2025-04-17 17:48:46,14.7,28.690782,77.179791,28.553807,77.211542,NGO,1,400,20,15
Hotel,Non-Vegetarian,26,2025-04-17 16:48:46,2025-04-17 17:44:46,2025-04-17 19:48:46,35.1,28.550919,77.005743,28.733731,77.182909,Shelter,1,400,20,15
Hotel,Dairy,47,2025-04-17 10:48:46,2025-04-17 11:17:46,2025-04-17 18:48:46,26.1,28.646549,77.120566,28.546107,77.171782,Shelter,0,150,8,9
Restaurant,Vegetarian,42,2025-04-17 16:48:46,2025-04-17 17:33:46,2025-04-18 00:48:46,27.5,28.677852,77.106477,28.515597,77.009523,Shelter,1,250,6,10
Household,Non-Vegetarian,44,2025-04-17 08:48:46,2025-04-17 09:27:46,2025-04-17 11:48:46,28.2,28.764292,77.264874,28.697714,77.06337,NGO,1,400,20,15
Restaurant,Dairy,49,2025-04-17 07:48:46,2025-04-17 08:44:46,2025-04-17 17:48:46,15.9,28.721228,77.085956,28.740792,77.299171,NGO,1,150,8,9
Restaurant,Bakery,24,2025-04-17 13:48:46,2025-04-17 14:39:46,2025-04-17 16:48:46,28.7,28.792015,77.139503,28.754216,77.018718,Shelter,1,300,4,12
Restaurant,Bakery,24,2025-04-17 11:48:46,2025-04-17 12:09:46,2025-04-17 14:48:46,30.1,28.767568,77.091815,28.665563,77.236823,Shelter,1,300,4,12
Hotel,Dairy,11,2025-04-17 08:48:46,2025-04-17 09:31:46,2025-04-17 14:48:46,11.7,28.782715,77.022446,28.631537,77.158964,Shelter,1,150,8,9
Restaurant,Bakery,41,2025-04-17 09:48:46,2025-04-17 10:37:46,2025-04-17 19:48:46,23.2,28.583511,77.239488,28.597876,77.089815,Individual,1,300,4,12
Restaurant,Vegetarian,34,2025-04-17 10:48:46,2025-04-17 11:07:46,2025-04-17 19:48:46,21.0,28.606109,77.090744,28.792612,77.051035,NGO,1,250,6,10
Household,Vegetarian,8,2025-04-17 16:48:46,2025-04-17 17:35:46,2025-04-18 02:48:46,14.6,28.524821,77.145361,28.590726,77.169023,NGO,1,250,6,10
Household,Dairy,36,2025-04-17 13:48:46,2025-04-17 14:35:46,2025-04-17 23:48:46,19.1,28.593507,77.000942,28.552273,77.262622,Individual,1,150,8,9
Hotel,Vegetarian,5,2025-04-17 11:48:46,2025-04-17 12:28:46,2025-04-17 22:48:46,31.5,28.584576,77.109143,28.557218,77.104119,Individual,1,250,6,10
Hotel,Vegetarian,22,2025-04-17 15:48:46,2025-04-17 16:09:46,2025-04-18 01:48:46,29.9,28.559774,77.013488,28.537907,77.168767,Shelter,1,250,6,10
Household,Vegetarian,36,2025-04-17 09:48:46,2025-04-17 10:37:46,2025-04-17 15:48:46,10.5,28.656828,77.14126,28.696817,77.167874,Shelter,0,250,6,10
Hotel,Vegetarian,42,2025-04-17 15:48:46,2025-04-17 16:04:46,2025-04-18 02:48:46,35.8,28.622041,77.09847,28.636197,77.228734,Shelter,1,250,6,10
Restaurant,Bakery,44,2025-04-17 17:48:46,2025-04-17 18:46:46,2025-04-18 00:48:46,25.3,28.720872,77.153869,28.760882,77.120833,NGO,1,300,4,12
Hotel,Dairy,43,2025-04-17 10:48:46,2025-04-17 11:22:46,2025-04-17 18:48:46,13.9,28.756411,77.049591,28.756278,77.14723,Shelter,1,150,8,9
Hotel,Dairy,38,2025-04-17 12:48:46,2025-04-17 13:29:46,2025-04-17 20:48:46,39.1,28.671378,77.0429,28.612364,77.23932,NGO,1,150,8,9
Household,Vegetarian,7,2025-04-17 07:48:46,2025-04-17 08:09:46,2025-04-17 10:48:46,31.9,28.671967,77.101295,28.796556,77.007571,NGO,1,250,6,10
Hotel,Non-Vegetarian,35,2025-04-17 13:48:46,2025-04-17 14:17:46,2025-04-17 22:48:46,27.7,28.725503,77.187043,28.680084,77.016054,NGO,1,400,20,15
Hotel,Dairy,17,2025-04-17 17:48:46,2025-04-17 18:33:46,2025-04-17 20:48:46,26.6,28.559852,77.088185,28.571125,77.284551,Shelter,1,150,8,9
Hotel,Non-Vegetarian,27,2025-04-17 10:48:46,2025-04-17 11:05:46,2025-04-17 19:48:46,10.2,28.731755,77.210747,28.684576,77.228127,Individual,0,400,20,15
Hotel,Vegetarian,21,2025-04-17 11:48:46,2025-04-17 12:10:46,2025-04-17 15:48:46,21.9,28.748266,77.051213,28.509139,77.061335,Individual,1,250,6,10
Restaurant,Non-Vegetarian,21,2025-04-17 10:48:46,2025-04-17 11:16:46,2025-04-17 16:48:46,30.1,28.640499,77.232066,28.53702,77.187897,Individual,1,400,20,15
Household,Dairy,34,2025-04-17 17:48:46,2025-04-17 18:06:46,2025-04-18 01:48:46,39.9,28.738802,77.22612,28.56465,77.100802,NGO,1,150,8,9
Hotel,Vegetarian,16,2025-04-17 17:48:46,2025-04-17 18:42:46,2025-04-18 04:48:46,28.2,28.584315,77.052049,28.613925,77.240434,Shelter,1,250,6,10
Restaurant,Non-Vegetarian,15,2025-04-17 11:48:46,2025-04-17 12:40:46,2025-04-17 14:48:46,16.3,28.666937,77.256948,28.75052,77.278207,Shelter,1,400,20,15
Household,Bakery,26,2025-04-17 16:48:46,2025-04-17 17:35:46,2025-04-17 23:48:46,32.5,28.629334,77.026265,28.58484,77.125575,Individual,1,300,4,12
Household,Dairy,28,2025-04-17 17:48:46,2025-04-17 18:18:46,2025-04-17 22:48:46,18.8,28.51245,77.191128,28.679188,77.196015,Shelter,1,150,8,9
Restaurant,Vegetarian,42,2025-04-17 16:48:46,2025-04-17 17:35:46,2025-04-18 01:48:46,28.0,28.651899,77.105124,28.773879,77.101931,Shelter,1,250,6,10
Hotel,Bakery,17,2025-04-17 14:48:46,2025-04-17 15:29:46,2025-04-17 17:48:46,31.2,28.686807,77.297033,28.593564,77.101992,Shelter,1,300,4,12
Restaurant,Bakery,44,2025-04-17 10:48:46,2025-04-17 11:25:46,2025-04-17 13:48:46,12.7,28.797509,77.162301,28.795454,77.281699,Individual,1,300,4,12
Restaurant,Non-Vegetarian,8,2025-04-17 12:48:46,2025-04-17 13:41:46,2025-04-17 23:48:46,17.2,28.71304,77.081885,28.602428,77.134634,NGO,0,400,20,15
Restaurant,Vegetarian,38,2025-04-17 15:48:46,2025-04-17 16:21:46,2025-04-17 23:48:46,29.9,28.725353,77.22616,28.673367,77.271308,NGO,1,250,6,10
Restaurant,Dairy,9,2025-04-17 15:48:46,2025-04-17 16:24:46,2025-04-17 18:48:46,10.2,28.563734,77.199057,28.623359,77.120722,Individual,1,150,8,9
Restaurant,Vegetarian,35,2025-04-17 16:48:46,2025-04-17 17:17:46,2025-04-18 01:48:46,18.9,28.589657,77.032117,28.632017,77.218914,NGO,0,250,6,10
Household,Bakery,7,2025-04-17 08:48:46,2025-04-17 09:18:46,2025-04-17 19:48:46,35.9,28.746748,77.052003,28.645745,77.035077,Individual,1,300,4,12
Hotel,Dairy,19,2025-04-17 08:48:46,2025-04-17 09:43:46,2025-04-17 14:48:46,32.0,28.689671,77.175082,28.617036,77.106539,NGO,0,150,8,9
Household,Dairy,47,2025-04-17 11:48:46,2025-04-17 12:01:46,2025-04-17 15:48:46,13.2,28.761906,77.156943,28.709907,77.123257,Individual,1,150,8,9
Household,Vegetarian,14,2025-04-17 09:48:46,2025-04-17 10:46:46,2025-04-17 19:48:46,34.8,28.740294,77.031336,28.673057,77.139195,NGO,1,250,6,10
Hotel,Vegetarian,49,2025-04-17 12:48:46,2025-04-17 13:26:46,2025-04-17 19:48:46,12.0,28.678454,77.22166,28.509733,77.197615,Individual,1,250,6,10
Restaurant,Non-Vegetarian,32,2025-04-17 11:48:46,2025-04-17 12:23:46,2025-04-17 21:48:46,18.9,28.781495,77.245622,28.79507,77.077901,NGO,1,400,20,15
Household,Bakery,35,2025-04-17 08:48:46,2025-04-17 09:18:46,2025-04-17 18:48:46,20.4,28.515105,77.01583,28.707603,77.137379,Individual,1,300,4,12
Household,Dairy,44,2025-04-17 13:48:46,2025-04-17 14:44:46,2025-04-17 16:48:46,17.6,28.67329,77.107763,28.747066,77.246209,NGO,1,150,8,9
Restaurant,Non-Vegetarian,42,2025-04-17 15:48:46,2025-04-17 16:42:46,2025-04-18 01:48:46,14.7,28.515536,77.167193,28.546811,77.250377,NGO,1,400,20,15
Hotel,Bakery,18,2025-04-17 12:48:46,2025-04-17 13:32:46,2025-04-17 22:48:46,34.3,28.747087,77.115383,28.637737,77.090986,Individual,1,300,4,12
Household,Non-Vegetarian,39,2025-04-17 12:48:46,2025-04-17 13:02:46,2025-04-17 20:48:46,12.3,28.626228,77.180505,28.781133,77.093541,Shelter,1,400,20,15
Hotel,Non-Vegetarian,10,2025-04-17 12:48:46,2025-04-17 13:47:46,2025-04-17 16:48:46,20.0,28.778431,77.253459,28.567195,77.071743,Shelter,1,400,20,15
Hotel,Vegetarian,19,2025-04-17 15:48:46,2025-04-17 16:40:46,2025-04-17 20:48:46,12.3,28.6064,77.165199,28.620962,77.250093,NGO,1,250,6,10
Household,Non-Vegetarian,44,2025-04-17 10:48:46,2025-04-17 11:14:46,2025-04-17 19:48:46,17.7,28.531762,77.106469,28.623952,77.202747,NGO,1,400,20,15
Hotel,Dairy,18,2025-04-17 13:48:46,2025-04-17 14:45:46,2025-04-17 19:48:46,26.7,28.508747,77.272175,28.546885,77.066027,Individual,1,150,8,9
Hotel,Vegetarian,36,2025-04-17 16:48:46,2025-04-17 17:28:46,2025-04-17 21:48:46,16.9,28.650728,77.219446,28.787435,77.066134,Individual,1,250,6,10
Hotel,Vegetarian,12,2025-04-17 11:48:46,2025-04-17 12:41:46,2025-04-17 16:48:46,21.4,28.594976,77.08571,28.527412,77.094448,Individual,1,250,6,10
Household,Bakery,9,2025-04-17 13:48:46,2025-04-17 14:26:46,2025-04-17 22:48:46,31.9,28.747341,77.043931,28.749879,77.162089,Shelter,1,300,4,12
Hotel,Dairy,48,2025-04-17 14:48:46,2025-04-17 15:26:46,2025-04-17 23:48:46,25.0,28.630131,77.074851,28.664241,77.082315,NGO,1,150,8,9
Hotel,Bakery,14,2025-04-17 14:48:46,2025-04-17 15:03:46,2025-04-18 00:48:46,11.2,28.5816,77.001914,28.793506,77.289724,Individual,1,300,4,12
Restaurant,Bakery,8,2025-04-17 17:48:46,2025-04-17 18:38:46,2025-04-17 22:48:46,20.4,28.701328,77.241629,28.784027,77.120064,Individual,1,300,4,12
Household,Dairy,15,2025-04-17 07:48:46,2025-04-17 08:39:46,2025-04-17 12:48:46,39.9,28.55734,77.137895,28.629295,77.091348,Shelter,1,150,8,9
Hotel,Vegetarian,13,2025-04-17 11:48:46,2025-04-17 12:07:46,2025-04-17 16:48:46,36.6,28.625955,77.149069,28.775083,77.232887,Individual,1,250,6,10
Household,Bakery,38,2025-04-17 10:48:46,2025-04-17 11:45:46,2025-04-17 21:48:46,33.9,28.71727,77.207122,28.602163,77.241489,Shelter,1,300,4,12
Restaurant,Non-Vegetarian,29,2025-04-17 15:48:46,2025-04-17 16:45:46,2025-04-17 19:48:46,12.3,28.570498,77.249045,28.784475,77.091381,Shelter,1,400,20,15
Restaurant,Vegetarian,21,2025-04-17 16:48:46,2025-04-17 17:09:46,2025-04-18 03:48:46,22.6,28.515187,77.011818,28.672185,77.117869,Shelter,1,250,6,10
Restaurant,Bakery,30,2025-04-17 12:48:46,2025-04-17 13:41:46,2025-04-17 18:48:46,39.2,28.66326,77.082572,28.712832,77.081448,Individual,1,300,4,12
Household,Dairy,11,2025-04-17 11:48:46,2025-04-17 12:43:46,2025-04-17 21:48:46,12.8,28.623149,77.049001,28.566535,77.095266,Individual,1,150,8,9
Household,Vegetarian,40,2025-04-17 13:48:46,2025-04-17 14:05:46,2025-04-17 20:48:46,12.7,28.557975,77.015168,28.687937,77.086198,Individual,1,250,6,10
